start	end	text
0	3000	ああ
11000	13000	ああ
21600	27600	あどうもおはようございます 明日
27600	34000	何回行くことになりました というかね最初の一件電話したの
34000	40400	そしたら今 風邪症状のある人は
40400	47400	残念ながら受け付けてませんって言われて そうでもう一件のところ電話したら
47400	52400	大丈夫ですよ 来てくださいって言われた
53400	59400	今さあ病院だと
59400	69400	病院ってさあ今コロナに対してさあ 結構警戒しているところと大丈夫なところがあるんだ
70400	74400	はよ
77400	84400	とりあえず明日ないか行ってきて それでなんか問題ないって言われたら
84400	92400	ハイパー魔法ちゃんと遊べるけど 土曜日それでもし
92400	96400	PCR検査必要ですよってさぁ
97800	105400	いや今日はその県学行くから就労支援は 休む休んだ集中したいからって言って
105400	108400	先生おはようございます 今の時期を約しないとダメだぞ
108400	111400	予約したよ
111400	115400	熱は36ドロクブ
115400	122400	熱36ドロクブだったから多分大丈夫だと思うんだけど 入らっしゃい
122400	137400	パイパー魔法ちゃんとは一応土曜日遊ぶ予定になってるけど だかもしコロナの疑いがあるって明日病院で言われたら
137400	141080	そしたらハイパー魔法ちゃんとの
141080	145480	遊ぶのはコラボ配信は中止になっちゃう
145480	152760	一応一応ラインしといたけどね明日病院でもし何かあったら
152760	159280	会えなくなりますって またぶん大丈夫だと思うけどね
161000	165080	たぶん大丈夫だと思うけど どんな子だと
165080	169600	いやー普通にご飯食べて
171800	178680	なんてさ俺がさーハイパー魔法ちゃんと会おうとするとなにごとか起きてさー
184200	193440	アーバンってなんだっけハイパー魔法ちゃんが住んでるとこだっけ そこは行かないよ普通に東京で会う予定だけど
193440	204520	これも台本お前誰が好きなんだよ魔法ちゃんブロック解除してくれたの なんか配信どこでするのあそうでさ修道支援のスタッフとちょっとねスカイプで話したけど
204520	208920	コロナチナっても稼ぎてるだろうなんかね最悪
208920	217640	その今日の会社見学いってもし僕の声声がおかしいってことに気づかれたら
217640	224720	県学で最悪県学できないかもしれないことになるかもしれないって言われた
228520	237720	だからもしかしたら今日さ行っても県学受け付けてくれないかもしれない ここ声がやばいから
238720	251280	ちょっと声をおかしくありませんかって聞かれたら 実はここに3日ちょっと席が出て喉の調子が悪いんですよって言ったらコロナを疑われて
251280	258120	そういうことなら県学はご勘弁くださいとかさ言われちゃうかもしれない
258360	262320	そしたらさ俺は何のためにさ
263320	270120	1時間以上もかけてさあ県学行くんだよ
274120	276120	コロナじゃないよ
279320	281320	コロナじゃないよ
281320	287920	アワヤ乗り子高齢させろくさなりかほぼ引きこもりなのにコロナ感染か俺って言うんだ 元の声なんか知らんだろそれ症状確診になるぞ
287920	290320	つまみ出されろアワヤ乗り子高齢させろ
290320	298640	まあ大丈夫だと思うけどね熱はないしただ声がさ枯れてるだけだもん席して
299640	305320	席席が出て声が枯れてるだけ
306320	315800	ささっきさ保健所にも電話してそしたら近場の内下に行ってそこへ見てもらってくださいって言わたから
315800	318320	まあないかいく
323320	326320	やじ自体しないよ
326320	328320	本当にお前迷惑なやつだな
328320	330320	検査受けてないのに断言するのやめてもらいますか
330320	331320	コロナで転り
332320	334320	カラオケの行為症なの
340320	346320	たまに席出るけどそんな後昨日みたいに5歩5歩席は出ないよ
346320	349320	たまに席が出るぐらい
350320	356320	今この声じゃこんな駅歌えない裏声でないもん
364320	369320	東京で会う予定だけどマホちゃんからまだ変身来ないの
371320	375320	だから明日病院行って何事もなかったら普通に会えるよ
379320	381320	早く誘い教えてくれ
387320	389320	マホちゃんって名説なの
389320	391320	仕事するのマホちゃんって
394320	396320	内下で
396320	398320	だって席が出るの
398320	400320	席が出ると内下でしょ普通
406320	408320	マホちゃんって働くの
409320	411320	偉いね
412320	415320	僕も働こうとさ色々
415320	417320	知ってるけど
421320	423320	しつこいな
423320	425320	念頭するとNG入れますよ
426320	428320	念頭するとNG入れます
428320	430320	念頭するとNG入れます
436320	438320	念頭するとNG入れます
438320	440320	訓練さえいらっしゃい
451320	453320	なんでこんな時にさ
454320	458320	この時期に風になるやつはみんなコロナを疑われて大変だよね
460320	462320	この時期に
462320	466320	ちょっとさ席が出たりさ風の症状あったりするとさ
466320	469320	コロナ疑いで差別されるよね
473320	475320	なんか大変だと思う今の時期
484320	486320	なんかね
487320	489320	ひなきゅうさんとの
490320	492320	土産デートなんだけど
492320	497320	なんか人がいっぱい来ることになるかもしんない
498320	501320	ひなきゅうさんとのデート
506320	508320	まあいいけどね
509320	514320	まあ僕もひどりが決まったら
517320	519320	ひどりが決まったら
520320	523320	ツイッターで参加したい人告知することになった
526320	530320	なんか大勢で行きましょうみたいな感じになって
530320	532320	まあいいけどね
535320	537320	いいけどね別に
539320	541320	人工の幸せを許さない伝柱が集まる
543320	545320	誰が来てもいいよ
547320	549320	デートとは言わないと言ってたね
551320	553320	誰が来てもいいよ
555320	556320	多分
557320	559320	まあ実習
559320	563320	もし実習入れたらにも言うけど
569320	571320	17日ぐらいに行きたいかな
571320	573320	俺としては
575320	577320	17日ぐらいに行きたいな
595320	597320	また誰が来てもいいよ
599320	601320	やばいワールドアイドウェブ
601320	603320	ツイコールはいましない
608320	610320	ちょっとね
611320	615320	25日俺予定があるから
615320	617320	無理だから
618320	621320	行けるとしたら17日ぐらいかな
623320	625320	17日ぐらい
626320	629320	まあ実習が
629320	632320	実習のひどりにもよるけど
634320	637320	実習のひどりにもよるけど
641320	644320	25日はちょっと個人的な幼児があってね
645320	647320	人と会うときは僕って言うよ
648320	650320	でも放送だと
650320	652320	俺
653320	656320	家族と喋るときは俺かな
660320	663320	他人と喋るときは僕って言うかも
674320	676320	あ、どうも
680320	682320	私?
682320	684320	私とはあんま言わないよ
693320	696320	でも明説のときは私って言うよ
698320	700320	明説のときは私って言う
701320	703320	でもね
705320	707320	俺さ
707320	709320	小学校までは
710320	714320	小学校年まではずっと僕って言ってたの
715320	718320	それで僕っていうのが恥ずかしくなって
718320	720320	ある日俺って言ったの
720320	722320	そしたら
722320	724320	ある女子が
725320	728320	日本に俺なんて似合わないよ
728320	730320	アハハって笑われて
730320	732320	すごい恥ずかしかった記憶がある
737320	739320	小学校
739320	741320	56年の頃かな
743320	745320	日本には
745320	747320	俺って言うのに合わないよって
749320	752320	それですごい恥ずかしくなった
754320	756320	今俺って聞いて
763320	766320	あの子多分俺のこと好きだったんだろうね
768320	770320	あの子多分
770320	772320	俺のこと好きだったんだろうね
773320	774320	だから
774320	776320	そんなこと言ったんだろうね
776320	778320	バカにして
779320	781320	ポックン
781320	783320	おぼっちゃまくんじゃ
809320	811320	多分
811320	813320	普通に今まで出会ってきた
814320	816320	女子とか
816320	818320	女性とか
818320	820320	中で僕のことね
820320	822320	好きだって
822320	824320	思ってくれる人はいたと思うよ
824320	826320	普通に
830320	832320	普通にいたと思うよ
832320	835320	小学校でも中学校でも高校でも
835320	837320	専門学校でも
839320	842320	一度も告白されたり
842320	844320	したことないけど
846320	848320	そういう子が
848320	850320	いたと思うよ
850320	852320	ほのかにさ
852320	854320	こういう心を秘めてくれた
854320	856320	くれてた子は
858320	861320	じゃないとあまりにも悲しすぎるでしょ
862320	865320	一度もさすかれたことがないって
866320	868320	なんか悲しくない?
871320	873320	学校時代とか
876320	878320	今はね
879320	881320	今は
882320	884320	今は結構
886320	888320	今は結構ね
891320	893320	今は結構
894320	896320	今は結構ね
896320	898320	モテるかな
899320	901320	モテるっていうのと違うのかな
909320	911320	今は
917320	921320	俺ね小学校とか中学校の頃可愛かったよ普通に
923320	925320	普通に女子から
925320	927320	可愛いってよく言われてたし
931320	933320	普通に可愛いキャラだったよ
938320	940320	ほんとかかわいかったよ
941320	943320	写真はね
945320	947320	写真前見せてたでしょ
948320	950320	アクサングラブ
952320	954320	オカムラタカシだってさ
954320	956320	子供の頃は可愛かったじゃん
959320	962320	オカムラタカシの子供の頃は
962320	964320	普通に可愛かったじゃん
967320	969320	だからね
970320	972320	だから子供の頃は
972320	974320	だいたいみんな
977320	979320	俺も
979320	981320	子供の頃は目がクリッとしてた
981320	983320	パッチリしてた
983320	985320	それがいつしか
987320	989320	いつしか
991320	993320	目が細くなって
995320	997320	目が細くなった
999320	1001320	11の頃の写真見せるわ
1011320	1013320	チナフィコンなのが出てきた
1016320	1018320	ちょっと前の僕
1018320	1020320	ボーズ時代の
1030320	1032320	やっぱりこいつ勘違いしてるよ
1036320	1038320	ちょっとピンターはね
1041320	1043320	あった
1045320	1047320	これいつぐらいだろう
1047320	1049320	30
1049320	1051320	35歳ぐらいか
1051320	1053320	30対前半ぐらいかな
1060320	1062320	30対前半ぐらい
1084320	1086320	これが中学の時の
1090320	1092320	中学の時の僕です
1106320	1108320	可愛いでしょ普通に
1119320	1121320	中学生の時の生徒手帳
1133320	1135320	可愛くない
1135320	1137320	12歳の頃
1141320	1143320	ピンターはないわ
1149320	1151320	ちょっとピンターはないんだけど
1162320	1164320	可愛くない普通に
1164320	1166320	この頃は
1166320	1168320	女子に
1169320	1172320	普通に可愛い可愛いって言われてたからね
1179320	1181320	3人
1196320	1198320	昔の証明写真が出てきた
1205320	1207320	これは高校生の時の
1210320	1212320	これ高校生の時
1229320	1231320	これも高校生の時かな
1240320	1242320	これ神型やばいよね
1246320	1248320	神型やばいよ
1254320	1256320	これ高校生の時
1264320	1266320	ここでいつだろう
1267320	1269320	20歳ぐらいの頃かな
1272320	1274320	20歳ぐらいの頃かな
1284320	1286320	ちょっとぼやけて見えねんな
1288320	1290320	これ20歳ぐらいの頃かな
1296320	1299320	あれピンターはないんだけど
1326320	1328320	これは
1338320	1340320	たぶん22歳ぐらいの頃かな
1349320	1351320	これたぶん22歳
1356320	1358320	ちょっとぼやけんな
1366320	1368320	ちょっとピントが合わない
1375320	1377320	あったこれ22歳
1387320	1389320	これが
1393320	1395320	これが最近かな
1395320	1397320	30代後半
1402320	1404320	30代後半
1417320	1419320	何があったんだ
1420320	1422320	だんだんめつき悪くなってきたわけ
1422320	1424320	予想より可愛かった
1424320	1425320	体に見てる
1425320	1426320	どうしてこうなった
1426320	1427320	いじめられてそう
1427320	1428320	別人
1428320	1430320	典型的ないじめられっぽかを
1430320	1431320	いじめたいくらい可愛い
1431320	1432320	若干やし
1432320	1433320	なんで生徒手帳を持ってるんだよ
1433320	1434320	ワールドワイドウェブ
1434320	1435320	手震えてるワールドワイドウェブ
1435320	1436320	企業見学は
1436320	1437320	なんでこうなった
1437320	1438320	時は残酷だね
1438320	1439320	障害者手帳は
1439320	1440320	なんでそんな気持くなったの
1440320	1441320	かわいそう
1441320	1442320	なんでか
1442320	1443320	かわいい
1444320	1445320	これは
1446320	1447320	今は41歳で
1447320	1448320	追い上げてる
1448320	1449320	何があったの
1449320	1450320	今がおっしゃん
1450320	1451320	そんなに
1451320	1452320	かわいいと思うぞ
1452320	1453320	持ってるんだ
1453320	1454320	何でそんなに持ってるんだよ
1454320	1455320	かわいそうだね
1455320	1456320	髪型が同じ
1456320	1457320	30年が変えてしまった
1457320	1458320	かなたやないかい
1458320	1459320	29年の採決な
1459320	1461320	でも昔はかわいかったでしょ
1461320	1463320	12歳の頃とか
1465320	1467320	12歳の頃
1467320	1469320	の写真は普通にかわいくな
1469320	1471320	古いワールドワイドウェブ
1471320	1473320	こんな子供がいたら
1473320	1475320	かわいいなと思う
1475320	1476320	と思う
1484320	1486320	中学の生徒手帳は
1486320	1487320	なぜか持ってる
1488320	1490320	高校の生徒手帳は
1490320	1492320	どっか行っちゃったんだよね
1494320	1496320	高校の生徒手帳とか
1496320	1498320	専門学校の学生書とか
1498320	1500320	どっか行っちゃった
1502320	1504320	多分捨てられちゃったのかな
1509320	1511320	高校の生徒手帳は
1511320	1512320	どこ行っちゃったんだ
1514320	1516320	1目でも養された
1525320	1527320	俺の部屋ね
1528320	1529320	高校生ぐらい
1529320	1531320	どうやか掃除してたから
1533320	1535320	親に捨てられたかもしれない
1535320	1536320	もしかした
1550320	1552320	中学の生徒手帳
1552320	1554320	なぜか持ってた
1560320	1561320	ちょっとね
1561320	1563320	寝癖が治んないんだけど
1565320	1567320	寝癖が治んない
1569320	1571320	企業見学行くのに
1571320	1574320	こんな寝癖じゃちょっと印象悪いでしょ
1582320	1584320	寝癖がやばい
1590320	1591320	ボースにしろ
1591320	1593320	人工が捨てられたら良かったのに
1593320	1594320	むしろもう少し垂らせる
1594320	1595320	水つけろ
1597320	1599320	帰ってきたら
1599320	1601320	帰ってきた風呂入るから
1601320	1603320	サワー瓶のダルイン
1613320	1615320	サワー瓶のダルインだけど
1620320	1622320	寝癖より寝癖がやばい
1632320	1634320	コロナじゃないよ
1638320	1640320	明日病院行って
1640320	1643320	何事もないって言われたら
1643320	1646320	ドヨービン、ハイパーマホちゃんと
1646320	1648320	あって遊べる
1649320	1652320	でもコロナの疑いがあるので
1652320	1654320	大きい病院で危険させてください
1654320	1656320	とか言われたら
1656320	1658320	会えなくなっちゃう
1669320	1671320	企業見学はもう行くことになってるか
1671320	1673320	もうそうそう準備しないと
1675320	1677320	もうそうそう準備しないと
1679320	1681320	風呂としても落ちすぞ
1700320	1702320	ただの風だったら
1702320	1704320	別に大丈夫でしょ
1708320	1710320	ただの風でもダメなの
1712320	1714320	ただの風ですって言われたら
1714320	1716320	普通に会えるでしょ
1717320	1719320	風なんてそうそう映らないでしょ
1728320	1730320	ただの風ならあっていいでしょ
1733320	1735320	コロナじゃなきゃあっていいでしょ
1738320	1740320	迷惑かけるなよ
1740320	1742320	いつもの中でキャンシャルしろよ
1742320	1744320	企業に迷惑かけるなよ
1744320	1746320	働かなければ別に検査も不要ですが
1746320	1748320	コロナの疑いあるのに企業見学ダメだろ
1748320	1750320	風なら問題ないでしょ
1750320	1752320	風の場合でもハイパーには迷惑かきわまりなく
1752320	1754320	そんな酷い風じゃないもん
1754320	1756320	ただの風だったら合います
1766320	1768320	ただの風だったら合います
1774320	1776320	ただ風ですらないと思うけど
1776320	1778320	ただ体調を崩して
1778320	1780320	席が出るってだけで
1784320	1786320	企業担当者に連絡してないよ
1786320	1788320	企業見学会ただの風だよ
1788320	1790320	誰か先鋒に伝えてあげて
1790320	1792320	まだ声おかしいね明らかに
1792320	1794320	分からんからキャンシャルしろよ
1794320	1796320	ちびちび飲むとかお腹よ
1796320	1798320	うつるだよ風感染させてどうすんの
1798320	1800320	県学とか体験とか遊んでるだけやん
1800320	1802320	どこで感染したかな
1802320	1804320	初対面のやつがニットンの
1804320	1806320	検査でも判定できないから
1806320	1808320	風もうつる
1808320	1810320	気をしてあげる
1810320	1812320	明日病院行って
1812320	1814320	もしコロナの疑いがあったら
1814320	1816320	会えなくなるけど
1816320	1818320	何事もなかったら会えます
1840320	1842320	誰か
1848320	1850320	席は別にしょうがなくない
1852320	1854320	普通に
1854320	1856320	多分季節の代わり目で
1856320	1858320	体調を崩して
1858320	1860320	ちょっと席が出るってだけです
1860320	1862320	そういうことあるでしょ
1864320	1866320	季節の代わり目で
1866320	1868320	ちょっと体調を崩して
1868320	1870320	席が出るとかさ
1870320	1872320	頭が痛くなるとか普通に
1872320	1874320	あるでしょ
1882320	1884320	だって熱はないもん
1884320	1886320	熱ないし
1888320	1890320	頭も痛くないし
1890320	1892320	吐き気もないし
1892320	1894320	ただ席が出るってだけ
1894320	1896320	それで声が枯れてるってだけ
1898320	1900320	自宅待機だよ
1900320	1902320	無職は無敵W
1902320	1904320	同じ話を何度もするな
1904320	1906320	顔がひどい
1906320	1908320	つまり相手が貸しても気をしないよね
1908320	1910320	大丈夫だと思うけどね
1910320	1912320	明らかに声がおかしいじゃねぇかよ
1912320	1914320	ただのかぜかどうか自分で
1914320	1916320	何度も聞こえない
1916320	1918320	同じ話を何度もするな
1918320	1920320	今は相当うるさいと思うけど
1920320	1922320	同じ話を何度もするな
1922320	1924320	先連タローみたいな顔しやがって
1924320	1926320	目的のためなら手段を選ばない
1926320	1928320	かきフライブチ切れてるよ
1928320	1930320	お前常識ないよな
1930320	1932320	ダメ絶対
1932320	1934320	声がウナちゃんまみたい
1934320	1936320	ダマメニアもたいね
1936320	1938320	ダマメニアもたいね
1938320	1940320	人生終わったんだろ何歳で言ったの
1940320	1942320	ちょっと疲れただけだよ
1942320	1944320	リートリーだけどエイズの疑いもあるよ
1944320	1946320	リーコ ファールドワイドウエブ
1946320	1948320	体調屈して席は出ねぇよ
1948320	1950320	同じ話を何度もするな
1950320	1952320	まわれが魔法なら100%キャンシル
1952320	1954320	体調屈して出かけたりしないけどな
1954320	1956320	やっぱり事故なかきちゃったか
1956320	1958320	事故なかすぎる 今日の話だ
1958320	1960320	体調屈しやすいよな
1960320	1962320	受け付けにしにされないといいねW
1962320	1964320	最近おすすめのアニメは何ですか
1964320	1966320	同じ話を何度もするな
1966320	1968320	それでいい方じゃない
1968320	1970320	自分の都合しか考えない癖は直したほうがいいよ
1970320	1972320	同じ話を何度もするな
1972320	1974320	企業の人が映ってくれになったら
1974320	1976320	かわいそうさせる
1976320	1978320	今の時期 事故なかすぎてきる
1978320	1980320	あとさポンちゃんの声も
1980320	1982320	同じ話を何度もするな
1982320	1984320	おごってください
1984320	1986320	さあさあさあ
1986320	1988320	僕を借りないんで
1988320	1990320	おごってくださいよ
2000320	2002320	ポンちゃんって自分のことを 折れていたけ
2002320	2004320	僕だっけ
2012320	2014320	私だっけ
2014320	2016320	俺だっけ
2018320	2020320	つやばさん
2020320	2022320	俺を借りないんで
2022320	2024320	おごってくださいよ
2026320	2028320	いや
2028320	2030320	俺
2030320	2032320	お金ないっすよ
2032320	2034320	これで帰りますんで
2042320	2044320	人様コロナ
2044320	2046320	似てる
2046320	2048320	同じ話を何度もするな
2048320	2050320	ポンちゃんって本当にたかるの
2050320	2052320	たかりのポンとかさ
2052320	2054320	言われてるけど
2054320	2056320	本当にたかるの
2072320	2074320	ああ
2082320	2084320	バカにしてないよ
2086320	2088320	バカにしてません
2088320	2090320	誰も
2096320	2098320	いや熱出ないよ
2098320	2100320	あ
2100320	2102320	消すはかったら
2102320	2104320	36ドロクブだったし
2108320	2110320	ポンちゃんと
2114320	2116320	ポンちゃんとも何か
2118320	2120320	ポンちゃんともいつか
2120320	2122320	あってみたいな
2122320	2124320	ブラジルだった
2124320	2126320	南アフリカだった
2126320	2128320	コロナコからいらっしゃる
2134320	2136320	とりあえず12時半になったら
2136320	2138320	準備しよう
2140320	2142320	12時半になったら準備しよう
2148320	2150320	結構早めに準備しとくに
2150320	2152320	どうしたことはないから
2160320	2162320	ただの風だったらさ
2162320	2164320	あっていいの
2164320	2166320	ただの風だったら
2166320	2168320	ハイパーマフちゃんに会っちゃダメなの
2168320	2170320	ダメなの風でも
2174320	2176320	ひなきゅうのお母さん
2176320	2178320	ボットにも連絡とってたね
2178320	2180320	どうか持てますって言ってた
2182320	2184320	あ、そうなの
2190320	2192320	ひなきゅうさんのお母さんとしては
2192320	2194320	娘が
2194320	2196320	41歳の無職と付き合うより
2198320	2200320	20の大学生と付き合った方がいいってことなの
2200320	2202320	うん
2206320	2208320	そうなの
2218320	2220320	でもそんなの関係なくない
2222320	2224320	年齢とか学歴とか
2224320	2226320	本人が好きになったら
2226320	2228320	それが全てじゃ
2232320	2234320	そんなの関係なくない
2234320	2236320	年齢とかさ
2236320	2238320	将来生とかさ
2238320	2240320	関係なくない
2244320	2246320	ひなきゅうさんが
2246320	2248320	僕のこと好きになる可能性もあるでしょ
2256320	2258320	だってさ
2258320	2260320	ひなきゅうさん
2260320	2262320	僕を選んでくれたんだよ
2268320	2270320	ひなきゅうさんは
2270320	2272320	僕を選んでくれたんだよ
2280320	2282320	選んでくれたよ
2286320	2288320	やるみさんと
2288320	2290320	勇者とろさんは
2290320	2292320	両者もいたから
2292320	2294320	付き合わない
2294320	2296320	と思うけど
2296320	2298320	でもボットンさんと
2298320	2300320	僕で
2300320	2302320	僕を選んでくれたんだよ
2312320	2314320	いや、別に
2314320	2316320	もし
2316320	2318320	僕に
2318320	2320320	20の娘がいて
2320320	2322320	連れてきた彼氏が
2322320	2324320	40歳でも
2324320	2326320	本当にこの人のこと好きなら
2326320	2328320	お父さんは
2328320	2330320	認めるよって言うよ
2340320	2342320	別に年齢とか
2342320	2344320	関係なくない
2348320	2350320	年齢って関係なくない
2350320	2352320	本当に
2370320	2372320	俺だって別に年齢気にしないよ
2372320	2374320	20の子だろうが
2374320	2376320	60歳だろうが
2376320	2378320	好きになってしまえば
2378320	2380320	好きだと思うよ
2380320	2382320	60歳の人は
2382320	2384320	好きになったことはないけど
2388320	2390320	60歳の人は
2390320	2392320	好きになったことはないけど
2408320	2410320	僕は
2410320	2412320	多分
2412320	2414320	20歳だったら
2414320	2416320	40歳の女性
2416320	2418320	好きになってたかもね
2418320	2420320	もし
2420320	2422320	誘惑とかされたら
2422320	2424320	僕は
2424320	2426320	20歳だったら
2426320	2428320	40歳の女性
2428320	2430320	好きになってたかな
2434320	2436320	40歳でもさ
2436320	2438320	綺麗な人いるじゃん
2440320	2442320	40歳の女優してる
2442320	2444320	仲間ゆきえでしょ
2446320	2448320	コニシー学び
2448320	2450320	学びでしょ
2450320	2452320	あと誰
2454320	2456320	広瀬良子でしょ
2462320	2464320	普通に
2464320	2466320	普通に20歳の
2466320	2468320	男にとって
2468320	2470320	仲間ゆきえとかさ
2470320	2472320	普通につき合えるでしょ
2472320	2474320	広瀬良子とか
2476320	2478320	20歳の
2478320	2480320	20歳の人に
2480320	2482320	仲間ゆきえと
2482320	2484320	つき合いますかって言ったら
2484320	2486320	多分9割くらいが
2486320	2488320	つき合いますって言うと思うよ
2494320	2496320	お前は
2496320	2498320	いけめんじゃないや
2524320	2526320	なんか苦しい
2526320	2528320	計画じゃない
2528320	2530320	計画なんてもないでしょ
2532320	2534320	昔は計画って
2534320	2536320	富士の病だったけど
2536320	2538320	今計画なんてさ
2538320	2540320	亡くなったでしょ
2540320	2542320	全滅したでしょ
2544320	2546320	計画って
2546320	2548320	まだあるの
2548320	2550320	でも薬できたでしょ
2554320	2556320	計画なんて
2556320	2558320	すぐ治るでしょ
2558320	2560320	薬があるんだけど
2560320	2562320	昔は
2562320	2564320	サナトリウムって
2564320	2566320	ところに入院して
2566320	2568320	あとは死ぬのを
2568320	2570320	待つだけって感じだったけど
2572320	2574320	計画なんてね
2574320	2576320	もう簡単に治る自体だから
2588320	2590320	毎年計画検証ある
2594320	2596320	はい計画は
2596320	2598320	もっと厳しくていい
2598320	2600320	そうだな
2604320	2606320	何度も同じ話するな
2606320	2608320	仕入り監督はダメなんですか
2608320	2610320	親方もいいね
2610320	2612320	年齢関係ないなら年終えいけ
2612320	2614320	年終えいねがや
2614320	2616320	都合のEリックスコネティナW
2616320	2618320	ナイフまま行こう
2618320	2620320	何度も同じ話するな
2620320	2622320	企業見学はどうでしたか
2622320	2624320	親方がまま急いけ
2624320	2626320	あってもないのに好きになるのが以上
2626320	2628320	ドリコンキンも何度も同じ話するな
2628320	2630320	まともに働けない奴はだと
2630320	2632320	とろみさんっていくつなんだ
2632320	2634320	言うわく
2634320	2636320	なったことないんだろう
2636320	2638320	50代
2640320	2642320	50代なの
2648320	2650320	いや普通にいくつなんだろうな
2650320	2652320	と思っただけだよ
2652320	2654320	企業見学はどうでしたか
2654320	2656320	企業見学はこれから行く
2656320	2658320	12時半になったら配信切って
2658320	2660320	数つきて準備して
2660320	2662320	とりあえず質問することとか
2662320	2664320	頭に詰め込んで
2664320	2666320	あと
2666320	2668320	ちゃんと
2668320	2670320	行き方を
2670320	2672320	頭に入れて
2672320	2674320	それで
2674320	2676320	行く
2678320	2680320	行き方を
2680320	2682320	頭に入れて
2684320	2686320	それで行く
2688320	2690320	あ
2692320	2694320	企業見学はね
2694320	2696320	その
2696320	2698320	就労支援のスタッフがついてきてくれる
2702320	2704320	就労支援の
2704320	2706320	スタッフがつき取ってくれて
2708320	2710320	見学いける
2712320	2714320	そこは安心だよ
2714320	2716320	や
2716320	2718320	基本的に
2718320	2720320	見学とか
2720320	2722320	行くときは
2722320	2724320	スタッフがつき取ってくれる
2724320	2726320	スタッフとししただけど
2730320	2732320	きち
2732320	2734320	きちせんみちこ
2734320	2736320	かわいいよね
2736320	2738320	きちせんみちこって何歳なんだ
2740320	2742320	きちせんみちこ
2744320	2746320	何歳なんだ
2748320	2750320	46歳
2750320	2752320	俺と5歳違いか
2752320	2754320	かわいいよね
2756320	2758320	きちせんみちこなら
2758320	2760320	僕は
2760320	2762320	つきあえる
2764320	2766320	きれいな人だよね
2774320	2776320	年上で一番好きなのは石田ゆりこ
2778320	2780320	石田ゆりこって独新だしさ
2780320	2782320	結婚
2782320	2784320	結婚歴もないし
2788320	2790320	しかも石田ゆりこって
2790320	2792320	51歳で
2792320	2794320	俺と10歳違いで
2794320	2796320	でも
2796320	2798320	石田ゆりこ
2798320	2800320	とつきあえるよ
2800320	2802320	こんなかわいいなら
2804320	2806320	石田ゆりこ
2806320	2808320	10歳上だけどつきあえる
2816320	2818320	本当きれいだよね
2818320	2820320	石田ゆりこって
2820320	2822320	とてもさ51歳だと思えないよね
2824320	2826320	もりぱかちさとは
2826320	2828320	あんま好きじゃない
2828320	2830320	きつねがおって感じ
2842320	2844320	石田ゆりこほんとかわいいな
2858320	2860320	石田ゆりこ
2874320	2876320	コロナじゃない
2880320	2882320	コロナじゃない
2888320	2890320	コロナはビスタスよりグロメンだからな
2890320	2892320	コロナ
2892320	2894320	ダメだ
2894320	2896320	何言ってんのこの人
2896320	2898320	今日はどうしたのか
2898320	2900320	コロナ
2900320	2902320	コロナアピール
2902320	2904320	結果かもよ
2904320	2906320	セキシスに
2906320	2908320	ひなきゅうボトン君にしとけばよかった
2908320	2910320	ボトン君にしとけばよかった
2912320	2914320	ひなきゅうさんはボトンにしとけばよかった
2914320	2916320	って言ってないでしょ
2918320	2920320	こいつコロナ確定だな
2924320	2926320	でもね
2930320	2932320	ひなきゅうさんはあまり
2932320	2934320	同年代の男には満足しないタイプだと思う
2944320	2946320	同年代の男には満足しないタイプだと思う
2948320	2950320	コロナ発祥
2950320	2952320	最近声おかしいぞ
2952320	2954320	結果多いのにある
2954320	2956320	あるよかか
2956320	2958320	コロナもひやげるとはサクラ持ってるなら
2958320	2960320	親方があるくらいで役を相手にしてもらえるかどうか
2960320	2962320	どうかのお届けで
2962320	2964320	発祥
2964320	2966320	結果あるぞ
2966320	2968320	実家おじさんやべぇは
2968320	2970320	あるぞ
2970320	2972320	それでも企業見学いくのかこいつ
2972320	2974320	それで企業説明会はダメだろ
2974320	2976320	やっぱりね
2976320	2978320	男の人の方が精神的に
2978320	2980320	成長が
2980320	2982320	早いってよく言うじゃん
2984320	2986320	ひなきゅうのツイート
2986320	2988320	ちょっと待って
2988320	2990320	ひなきゅうさんなんかツイートしてんの
3000320	3002320	別に特に
3002320	3004320	なんかツイートしてないじゃん
3006320	3008320	ひなきゅうのまま
3008320	3010320	ボットンがお気に入り
3014320	3016320	えぇ
3016320	3018320	なんかさぁ
3024320	3026320	なんかさぁ
3028320	3030320	トザンいて
3030320	3032320	もしボットンが来て
3032320	3034320	ひなきゅうさんとイチャイチャして
3034320	3036320	カヤの外とかだったら
3036320	3038320	すごい悲しいんだけど
3044320	3046320	ボットンさんが
3046320	3048320	来て
3048320	3050320	ひなきゅうさんといい感じになって
3050320	3052320	僕だけカヤの外
3052320	3054320	ひと入り自分を落として
3054320	3056320	もくもくと山登ってるとかさ
3058320	3060320	そしてすごい
3060320	3062320	すごい嫌なんだけど
3064320	3066320	一緒にいいじゃない
3066320	3068320	治療は大変なんだよ
3068320	3070320	簡単に治るかがか
3070320	3072320	ワクチン出回るまで待てないの
3072320	3074320	友達の親父は結核でよんだぞ
3074320	3076320	ひなきゅうボットン気味にしとけばよかった W
3076320	3078320	プロミとやれ
3078320	3080320	その辺の小学生より知識ないな
3080320	3082320	結核の前に生活直せW
3082320	3084320	なんでそんなにバカなの
3084320	3086320	ウイルス核酸マジ気をつけろ迷惑すぎる
3086320	3088320	ボットンといいこのデート配信みますか
3088320	3090320	ひまわりなら行ける
3090320	3092320	老人で結核有効点だぞ知らんのか
3092320	3094320	将来してあるとは限らない
3096320	3098320	ニート鈴木さんも中央大学出てるけど
3100320	3102320	ニートになっちゃったじゃん
3106320	3108320	ニート鈴木さんも中央大学出てるけどさ
3122320	3124320	50歳だね
3124320	3126320	50歳
3126320	3128320	20歳と付き合える40歳は同年代からもくそ持ってるけど
3128320	3130320	お前は切り捨てられてきたじゃん
3130320	3132320	今度は年上回よ
3132320	3134320	75歳
3134320	3136320	50歳で結集40万
3136320	3138320	ニート鈴木さんって
3138320	3140320	ウーバイツってそんな稼いで
3140320	3142320	というかウーバイツって稼げるの
3142320	3144320	そんな
3144320	3146320	でもさ最近ウーバイツの
3146320	3148320	その
3148320	3150320	ギャラが下がったって
3150320	3152320	ニュースやってたけどね
3170320	3172320	ニート鈴木は知ってる
3172320	3174320	というかね
3174320	3176320	僕が
3176320	3178320	僕は
3178320	3180320	このまま見始めたきっかけは多分
3180320	3182320	ニート鈴木さんだと思う
3182320	3184320	最初ニート鈴木さんが
3184320	3186320	ニコ道で
3186320	3188320	動画投稿しててそれを見てて
3188320	3190320	それで
3190320	3192320	ニコ生初めて
3192320	3194320	見てたって感じかな
3194320	3196320	10年以上前の話で
3204320	3206320	ニートでも
3206320	3208320	楽しく生きてるんだって
3208320	3210320	思ったら
3210320	3212320	勇気付けられた
3222320	3224320	でもニート鈴木さんは
3224320	3226320	ニートやめちゃったんだよね
3236320	3238320	最後になりそうだから配信しろ
3242320	3244320	ちょっともうまじでさ
3246320	3248320	コロナじゃないけど
3248320	3250320	風かもしれないなんか
3252320	3254320	普通に風引いたかもしれない
3258320	3260320	コロナじゃないと思うけど熱はないし
3262320	3264320	食べ物の味はするし
3264320	3266320	匂いもするし
3270320	3272320	コロナじゃないと思うけど
3294320	3296320	音楽障害とかない
3298320	3300320	ちゃんとおいしく朝ごはん食べたし
3304320	3306320	本当においしく
3306320	3308320	朝ごはん食べれたし
3308320	3310320	匂いもするし
3312320	3314320	自分の匂い買いでみる
3314320	3316320	女のことだけ調べるの早いな
3316320	3318320	理根した人か
3322320	3324320	ちゃんと匂いするわ
3326320	3328320	ちゃんと匂いする
3330320	3332320	洗剤の匂いがする
3334320	3336320	臭くはない
3336320	3338320	普通に洗剤の匂い
3338320	3340320	僕はね
3342320	3344320	カレーシュとかしないからまだ
3346320	3348320	まだカレーシュしないから
3358320	3360320	まだカレーシュはしないから
3362320	3364320	内海区の席が出るから
3368320	3370320	上から見せ
3374320	3376320	上から見せ
3378320	3380320	20年も無職で就労できるかよ
3382320	3384320	20年も無職で就労できるかよ
3386320	3388320	小学生の頃は臭くさかった
3388320	3390320	口が臭くさかったけど
3394320	3396320	見た目だけで判断
3396320	3398320	今は
3402320	3404320	今は別に必要の匂いはしない
3412320	3414320	小学校の頃
3414320	3416320	小学校定学年の頃
3416320	3420320	ケイくんと業館休みに遊んでたの
3420320	3422320	それでなんか楽しくて
3422320	3424320	武法ってケイくんに俺の
3424320	3426320	意気がかかったの
3426320	3428320	そしたらケイくんが
3428320	3430320	僕に
3430320	3432320	忍法くん
3432320	3434320	市中食べたって
3434320	3436320	言われたの
3444320	3446320	なんかそれが事務に
3446320	3448320	ショックで覚えてる
3452320	3454320	何故か上からワールドワイドを得る
3454320	3456320	森方も50歳
3456320	3458320	途中はしてないよ
3460320	3462320	俺の生きて市中臭いんだ
3462320	3464320	って思って
3476320	3478320	誕生日なの
3478320	3480320	でもマリナにはブロックされてるし
3480320	3482320	おめでとう
3482320	3484320	リップ遅れないわ
3488320	3490320	ちょっとマリナ
3490320	3492320	まだブロックされてるから
3498320	3500320	ブロックされてるわ
3502320	3504320	まだブロックされてる
3510320	3512320	マリナにはまだブロックされてます
3512320	3514320	マリナにはまだブロックされてます
3514320	3516320	まだブロックされてる
3540320	3542320	まだブロックされてる
3544320	3546320	おめでとう
3554320	3556320	リークはブロックしてない
3556320	3558320	俺がブロックしてるので
3560320	3562320	自分がブロック
3562320	3564320	マリナはした誕生日
3566320	3568320	もう一番すべての症状を調べてみ
3568320	3570320	見学は無理だな
3570320	3572320	完全にコロナです
3574320	3576320	設定とプライバシー
3576320	3578320	アカウント情報
3582320	3584320	プライバシーとセキュリティ
3584320	3586320	ニュートとブロック
3586320	3588320	ブロックしてるアカウント
3588320	3590320	マリナがした誕生日
3590320	3592320	1,2,3,4,5,6,7
3596320	3598320	7人ブロックしてる
3604320	3606320	7人ブロックしてる
3608320	3610320	どれもこれもなんか
3610320	3612320	普通にさ
3612320	3614320	ハロワーに通報した方がいいか
3618320	3620320	嫌がらせDMとか
3620320	3622320	送ってくるやつだけ
3642320	3644320	マリナがした誕生日って知ってる
3644320	3646320	クラスター発生みなもと
3646320	3648320	マホちゃんからLINE来てるわ
3672320	3674320	マホちゃん
3674320	3676320	お見上げ渡したらすぐ帰るなんて
3676320	3678320	言ってないって
3680320	3682320	ハトに騙されないでくださいだって
3702320	3704320	何様顔持ち笑い
3706320	3708320	お前なら満足するわけ
3708320	3710320	前向きすぎるワールドワイドウェブ
3710320	3712320	キレムくんも顔持ち笑い
3712320	3714320	なんで?ウワーフィクは
3714320	3716320	今日すごい自信化冗談でW
3716320	3718320	気もすぎコイツ
3718320	3720320	勝手な分析
3720320	3722320	キレム シャスマプロ キメチケ
3722320	3724320	青い気まかい気まかいやかかありがたき
3724320	3726320	勝手に決めるな
3726320	3728320	マホちゃん
3732320	3734320	マホちゃんは
3734320	3736320	お見上げ渡したらすぐ帰る
3736320	3738320	と言ってないって
3742320	3744320	いや
3744320	3746320	最低の発言
3746320	3748320	20年無職な
3748320	3750320	最低の発言
3750320	3752320	お前の自信をW
3752320	3754320	勝手にボトンを蹴り落ちとす
3756320	3758320	普通にマホちゃんと
3758320	3760320	あったら
3762320	3764320	結構
3766320	3768320	長い時間遊べたいな
3774320	3776320	それとい
3776320	3778320	調子おかしいなら自覚待機してよ
3778320	3780320	お前にも満足しない
3780320	3782320	お前に十代以下じゃん
3782320	3784320	すごい自信
3784320	3786320	さすが兄様
3786320	3788320	わかってらっしゃる
3788320	3790320	人工の世界には希望で道溢れてる
3790320	3792320	絶望話
3792320	3794320	DTちゃんもっと満足しないぞ
3794320	3796320	W 何点だコイツ
3796320	3798320	お前の方が断りやすいから選んだぞ
3798320	3800320	ひなきゅうのアナキュウ
3800320	3802320	今季はコーサーだけでワールドワイドウェブ
3802320	3804320	風だったら
3804320	3806320	あ、ただの風です
3806320	3808320	おくすいので寝てくださいね
3808320	3810320	そうしたら
3810320	3812320	どう呼び合うよ
3814320	3816320	どうしたらどう呼び合うよ
3820320	3822320	ひなきゅうママがボトンと
3822320	3824320	ひなきゅうさんをくっつけようとしてる
3828320	3830320	それ
3830320	3832320	それもどうせ嘘なんでしょ
3836320	3838320	もちろん
3860320	3862320	ワコン人様いらっしゃい
3866320	3868320	風だったらさ
3868320	3870320	別に大丈夫でしょ
3870320	3872320	風なんかそうそう人に映んないから
3874320	3876320	コロナだったさすがに
3876320	3878320	まずいけど
3880320	3882320	別にさ
3884320	3886320	コロナだと
3886320	3888320	最悪
3888320	3890320	死の可能性があるじゃん
3892320	3894320	最悪死の可能性があるけど
3894320	3896320	かかぜだったらさ別にさ死なないじゃん
3896320	3898320	なおるじゃん
3904320	3906320	う、映さないよ
3906320	3908320	映さないようにちゃんとマスクしていくし
3908320	3910320	かかぜだったら
3918320	3920320	かかぜ
3920320	3922320	風はねそうそう映らないよ
3930320	3932320	ここでさ
3932320	3934320	マホちゃんに会えなかったら
3934320	3936320	この先会う機会
3936320	3938320	一生無い気がする
3940320	3942320	この先会う機会が
3942320	3944320	一生無い気がする
3948320	3950320	なんかそう
3950320	3952320	そんな予感がする
3952320	3954320	運命的に
3960320	3962320	風ぐらいになる
3962320	3964320	映していいとか思ってない
3966320	3968320	あ、もう12時半だ
3974320	3976320	当然誰が参加してもいいよ
3976320	3978320	どうかまでひどり決まってないけど
3982320	3984320	までひどり決まってないけど
3988320	3990320	とりあえず僕の
3990320	3992320	この先の予定が決まったり
3992320	3994320	ひなきよさんに連絡して
4006320	4008320	いや、コロ
4018320	4020320	だってさ
4020320	4022320	別にコロナかもしれないというか
4022320	4024320	普通に
4026320	4028320	コロナだったら
4028320	4030320	マホちゃんに
4030320	4032320	映しちゃったらまずいでしょ
4032320	4034320	だから一応病院行く
4036320	4038320	マホちゃんにコロナ映しちゃったら
4038320	4040320	子供とかおばあちゃんとかにも
4040320	4042320	映る可能性があるでしょ
4060320	4062320	いや、コロナじゃないと思うよ
4066320	4068320	コロナじゃないと思う
4074320	4076320	コロナじゃないと思います
4080320	4082320	年のため
4084320	4086320	そうしないとさ
4086320	4088320	マホちゃんだって戦えるかもしれないじゃん
4088320	4090320	コロナの疑いのある人と
4090320	4092320	あ、あって
4092320	4094320	マホの過去に発表しすぎな顔を持ち場合
4094320	4096320	あ、会うとかちょうど
4096320	4098320	両院でコロナかどうか検査するの
4098320	4100320	子供やおばあちゃんは風でも呼んでぞ
4100320	4102320	え、ハイパー激としてる
4102320	4104320	風なら映してもいいとか信じられない
4104320	4106320	そんなこと俺言ってないけど
4108320	4110320	そんなこと言ってないけど
4112320	4114320	言ってないけど
4116320	4118320	風なら映していいとか言ってないよ
4118320	4120320	ただ風は
4124320	4126320	そうそう映らないよって
4134320	4136320	そんなこと言ってないです
4148320	4150320	だいたい風ですらないと思うよ
4158320	4160320	だいたい風ですらないと思うよ
4168320	4170320	まあ4時からだから
4172320	4174320	4時からで
4175320	4178320	30、30半現地集合でしょ
4182320	4184320	まあ1時くらいまで大丈夫か
4186320	4188320	30半現地集合で1時間かかって
4188320	4190320	2時半でしょ
4190320	4192320	ま、2時
4194320	4196320	まあ1時、1時から
4196320	4198320	1時まで大丈夫だな
4204320	4206320	はい、映るよ映るわ
4206320	4208320	少しは学習しろ
4222320	4224320	まあね
4230320	4232320	なんだっけな
4234320	4236320	あ、そうだ
4240320	4242320	ボーイズBのボーイズBで
4242320	4244320	そういうエピソードだったよね
4246320	4248320	女の子が
4248320	4250320	風で学校休んでるの
4250320	4252320	それで
4252320	4254320	お、まあ付き合ってんだから
4254320	4256320	なんだか知らないけど
4256320	4258320	男が
4260320	4262320	来てそれで
4262320	4264320	キスつるの
4266320	4268320	で風が映っちゃうよって言うんだけど
4270320	4272320	いや、それでも構わないって言って
4272320	4274320	キスをするの
4274320	4276320	そういうさあ
4276320	4278320	あったよね
4278320	4280320	ああ
4280320	4282320	もう恋する2人にとっては
4282320	4284320	風が映ろうが
4284320	4286320	どうでもいいんだって
4286320	4288320	それに感動した僕は
4292320	4294320	恋する2人には
4296320	4298320	風が映ろうが
4300320	4302320	何しようか
4302320	4304320	関係ないんだって
4308320	4310320	ボーイズBで
4312320	4314320	いや、キスはしない
4316320	4318320	あくまでも漫画の話です
4322320	4324320	ボーイズBって
4324320	4326320	さ、結構長く続いたよね
4332320	4334320	ボーイズB
4340320	4342320	えーと
4342320	4344320	1991年から1996年か
4348320	4350320	あ、ちょうど
4350320	4352320	服の死神器の頃だね
4362320	4364320	俺が11歳から16歳まで
4364320	4366320	やってたやつだ
4370320	4372320	マホはオプチャで怒ってる?
4376320	4378320	マホちゃんがオプチャで怒ってるって本当?
4380320	4382320	え?
4392320	4394320	え?
4396320	4398320	いや、もう騙されないよ
4400320	4402320	もう騙されないよ
4404320	4406320	もう騙されない
4410320	4412320	もう騙されません
4434320	4436320	風車ないと
4436320	4438320	ただ季節の変わりまで
4438320	4440320	体調崩しちゃったってだけで
4440320	4442320	風ではないです
4444320	4446320	風ではないしコロナでもないし
4446320	4448320	ただ体調崩して咳あ出るってだけ
4458320	4460320	え?日本の風なら
4460320	4462320	写っても治る発言で怒ってる
4462320	4464320	だってハイパーマホちゃんのさ
4464320	4466320	Twitterブロックされてるし
4474320	4476320	待って待って
4476320	4478320	もう騙されない
4482320	4484320	会社訪問行くよ
4484320	4486320	会社訪問というか会社見学
4492320	4494320	やんな
4498320	4500320	いや、別に嫌われてブロックされたわけじゃない
4504320	4506320	僕とマリランのことを考えて
4506320	4508320	ブロックしてくれたんだよ
4508320	4510320	だから優しさでブロックされてるだけで
4510320	4512320	ブロックされてるだけで
4520320	4522320	ブロックされてるけど
4522320	4524320	優しさブロックです
4532320	4534320	優しさブロックです
4540320	4542320	ま、マリランとは
4552320	4554320	またいつか仲直りできるかもしれないでしょ
4564320	4566320	ちょっと待って
4566320	4568320	ブロックされてるあれあるじゃん
4572320	4574320	ブロックされてるのがわかる
4574320	4576320	やつってなんだっけ
4578320	4580320	Twitterで
4580320	4582320	なんて名前だっけ
4586320	4588320	Twitterでブロックされてるか
4588320	4590320	わかるやつってなんだっけ
4590320	4592320	マホちゃんをまんぐり
4592320	4594320	AV2000本の供用化を持ち笑い
4594320	4596320	ちょっちこいする
4596320	4598320	なんとだけあれ
4602320	4604320	AV2000本の供用化を持ち笑い
4604320	4606320	エゴターだ
4606320	4608320	エゴターでちょっと調べてみ
4608320	4610320	エゴター
4610320	4612320	ちょっと待って
4618320	4620320	エゴター見る
4628320	4630320	俺どんだけブロックされてるんだ
4630320	4632320	ブロックされてるんだ
4638320	4640320	分析結果
4646320	4648320	えーと
4648320	4650320	ブロックされたかも
4660320	4662320	あれ
4670320	4672320	結構ブロックされてる
4678320	4680320	結構ブロックされてるな
4684320	4686320	結構ブロックされてる
4690320	4692320	とりあえず
4692320	4694320	有名どころには
4694320	4696320	マガリマリカさんと
4698320	4700320	マイちゃんと
4700320	4702320	マリニャンと
4704320	4706320	ハイパーマホちゃんにブロックされてるね
4708320	4710320	あとはよく知らない人
4720320	4722320	あとはよく知らない人からブロックされてる
4732320	4734320	18人から
4734320	4736320	ブロックされてる
4746320	4748320	18人からブロックされてる
4750320	4752320	マイちゃんなのか
4752320	4754320	マホ人法の風なら撃ち合ってもなおる発言で起こってる
4754320	4756320	無職で風
4756320	4758320	マホのオクチャ自分で確認すればいいやんW
4758320	4760320	明日進撃の巨人完結だぞ
4760320	4762320	顔を持ち笑い
4762320	4764320	そんなに多くないね
4764320	4766320	お前ほんとするな
4766320	4768320	他のアカウント作ってブロックした理由を1人DMで聞いていく配信してください
4768320	4770320	これからもっと増えるな
4770320	4772320	みんな優しさブロックW
4772320	4774320	連着室だからね
4774320	4776320	ブロックされてるのは
4776320	4778320	絶対ブロックされてない
4778320	4780320	たった18人からまだまだ
4780320	4782320	みんな進撃するか
4782320	4784320	18人の起これる女
4784320	4786320	そのうちひなきゅうにもされるなW
4786320	4788320	優しい18人
4788320	4790320	シャリキも見を覚め
4790320	4792320	嫌われる天才
4792320	4794320	逆にブロックしてない優しくない人は誰よ
4794320	4796320	持てる男はちないの
4796320	4798320	ライブ多いな
4798320	4800320	ある意味すごいよ
4800320	4802320	県学教育
4802320	4804320	シャリキ
4804320	4806320	したい18人にブロックされてます
4806320	4808320	もう
4808320	4810320	そんなこと言うと
4812320	4814320	どうせ嫌われるだけだし
4814320	4816320	あ、こいつ気持ち悪いな
4816320	4818320	と思われて
4818320	4820320	優しくされて好きになったとしても
4820320	4822320	それを
4822320	4824320	言わないことにした
4824320	4826320	もう
4826320	4828320	俺今まですぐ言っちゃってたでしょ
4830320	4832320	ちょっと
4832320	4834320	好きになったら
4834320	4836320	もうその人が好き
4836320	4838320	結婚したいとか
4838320	4840320	そういうのって良くないよね
4840320	4842320	普通に気持ち悪い
4842320	4844320	そんな親しくもないの
4848320	4850320	風に乗ってもいいって言ったの
4850320	4852320	そんなことをね
4852320	4854320	言ってません
4864320	4866320	言ってないです
4870320	4872320	言ってないです
4878320	4880320	言ってないです
4886320	4888320	たださ
4888320	4890320	僕はねいろんな人と会った方が
4890320	4892320	いいってみんなからアドバイスされたから
4894320	4896320	ネタで利用されてるだけなのに
4896320	4898320	勘違いするのがガチで気持ち悪い
4898320	4900320	すぐ言っちゃってたけど
4900320	4902320	イサイに乗らない忍光君
4902320	4904320	マホにブロックされてさっきの
4904320	4906320	上分どこに送ったんだよ
4906320	4908320	アスペって診断されたの
4908320	4910320	忍光さんもう誰とも
4910320	4912320	かかわらずに配信するんじゃなかったの
4912320	4914320	気持ち悪いよ
4914320	4916320	言ったよ
4916320	4918320	10月もブロックココだけかよ
4918320	4920320	顔赤いよ
4920320	4922320	コウホーに声かけて1人にしぼれない
4922320	4924320	おくちゃで魔法がまたこすと
4924320	4926320	コラボしようかなって言ってるぞ
4926320	4928320	この頃好きになる人変わらなければ
4928320	4930320	言った方がいい
4930320	4932320	ラインはブロック解除して
4932320	4934320	もらった
4942320	4944320	アスペだけのね
4944320	4946320	クンネすれば
4946320	4948320	コメション治るらしいよ
4948320	4950320	治るというかちょっとは
4950320	4952320	改善する
4952320	4954320	100%治らないだろうけど
4954320	4956320	普通に人と
4956320	4958320	人を深いにしないコミュニケーションが
4958320	4960320	取れるようになるらしいよ
4960320	4962320	アスペでも
4962320	4964320	アスペでもね
4978320	4980320	あの時はちょっと
4980320	4982320	嫌んでて
4986320	4988320	落ち込んでたから
4988320	4990320	なっちゃってたけど
5008320	5010320	何事も絡むよ
5014320	5016320	だって放金像とか
5016320	5018320	放金像とかアリベルとか
5018320	5020320	ふちわらとかとかとも
5020320	5022320	何か絡みたいし
5022320	5024320	かくえ
5042320	5044320	かくえって何
5046320	5048320	勇者トロさんとか
5052320	5054320	勇者トロさんとね
5054320	5056320	僕はあっても
5060320	5062320	あんまりいい感じにはならない
5062320	5064320	と思うよ
5074320	5076320	たこす
5082320	5084320	たこす
5100320	5102320	なんかもっとインキャーいない
5102320	5104320	インキャー
5106320	5108320	勇者トロさんとかさ
5108320	5110320	たこすさんとかなんか
5110320	5112320	勇者がするじゃん
5112320	5114320	喋り方とか
5114320	5116320	クロサワか
5116320	5118320	クロサワさんか
5130320	5132320	インキャーと
5140320	5142320	勇者だと俺なんかね
5142320	5144320	圧倒されちゃうんだよね
5144320	5146320	あ
5146320	5148320	勇者だ
5148320	5150320	どうしようって感じで
5154320	5156320	勇者だ
5156320	5158320	どうせしていいのかわからない
5158320	5160320	って感じになっちゃうんだよね
5166320	5168320	いやなんかね
5170320	5172320	あ、暗黒軍団に
5172320	5174320	入るのはちょっとね
5174320	5176320	抵抗はあるね
5176320	5178320	暗黒と絡んだら
5178320	5180320	あ、暗黒
5180320	5182320	こいつは暗黒軍団じゃんみたいな
5182320	5184320	言われるのも
5184320	5186320	嫌だしな
5200320	5202320	でも暗黒と絡んだとしてもね
5202320	5204320	あんまり面白くはないと思う
5218320	5220320	でも暗黒と絡んだとしてもね
5220320	5222320	あんまり面白くはないと思う
5230320	5232320	勇者
5234320	5236320	勇者か
5240320	5242320	世帯が同じだからたぶん
5242320	5244320	見てたアニメとかも
5244320	5246320	被ってるのかな
5248320	5250320	千葉テレビとかで
5252320	5254320	太陽の木馬
5254320	5256320	ダグラムとか
5256320	5258320	なんだろう
5260320	5262320	バイファムとか
5264320	5266320	90年代アニメの
5266320	5268320	マチックナイトレイヤースとか
5270320	5272320	そういうの
5280320	5282320	あと何だ?
5282320	5284320	イデオンとかそういうのも見てるかな
5284320	5286320	イデオンでさ
5286320	5288320	イデオン劇場版で
5288320	5290320	なんだろう
5290320	5292320	子供の首を吹っ飛ばした
5292320	5294320	とみのよしゆきに対する怒りとか
5294320	5296320	そういう話を
5296320	5298320	してみたい
5298320	5300320	イデオン劇場版でさ
5300320	5302320	イデオン劇場版
5302320	5304320	ひどいよ
5306320	5308320	とみのよしゆきが
5310320	5312320	とみのよしゆきが
5312320	5314320	その
5314320	5316320	お笑い用意の子供の首を
5316320	5318320	吹っ飛ばしたんで
5322320	5324320	とみのよしゆきが
5324320	5326320	お笑い用意の子供の首を
5326320	5328320	吹っ飛ばしたんで
5330320	5332320	言ってみれば
5332320	5334320	クレオンシンちゃんの
5334320	5336320	シンちゃんの首を
5336320	5338320	吹っ飛ばすような問題
5340320	5342320	そういうひどいことを
5342320	5344320	とみのはしたんで
5344320	5346320	クレオンシンちゃんの首
5346320	5348320	吹っ飛ばされたさ
5348320	5350320	みんな怒るでしょ
5350320	5352320	クレオンシンちゃん
5352320	5354320	もシンちゃんとかさ
5354320	5356320	マサオくんとかさ
5356320	5358320	かさまくんとか
5358320	5360320	ぼうちゃんとかさ
5360320	5362320	ねねちゃんの首を
5362320	5364320	吹っ飛ばしたら
5364320	5366320	すごい問題になるでしょ
5366320	5368320	それをねとみのは
5368320	5370320	やりやがったんだよ
5370320	5372320	とみのよしゆきが
5372320	5374320	とみのよしゆきが
5374320	5376320	とみのよしゆきが
5376320	5378320	やりやがったんで
5382320	5384320	頭おかしいでしょ
5386320	5388320	それでとみのは
5388320	5390320	進撃の巨人は残酷だとか言うんで
5392320	5394320	どっちが残酷なんで
5394320	5396320	ともに行けさすが
5396320	5398320	結果おとことは合わないんじゃん
5398320	5400320	武士軍団みたいに言うな
5400320	5402320	新人舗分断結成しよう
5402320	5404320	ぬまく行いの大型新人
5404320	5406320	お前ごとは異常なのまでと
5406320	5408320	逆に暗黒を取り込んでやれ
5408320	5410320	ゆるせないよね
5410320	5412320	普通に
5412320	5414320	あ ちょっと着替えないと
5414320	5416320	ちょっと待って
5416320	5418320	えっと
5418320	5420320	女は決まわりと親方がいいのに
5420320	5422320	おとこに切りし
5423320	5425320	お前ごとは異常なのまでと
5425320	5427320	お前は暗黒だよ
5427320	5428320	暗黒と絡まなくても
5428320	5430320	アニメの話は気が合いそうだけどな
5430320	5432320	人は男に興味なし
5432320	5434320	実家おじさん軍団じゃないと
5434320	5436320	お前のモチがよく言えたもんだな
5436320	5438320	とりあえず
5438320	5440320	3時半に
5440320	5442320	待ち合わせだから
5442320	5444320	で1時間かかるでしょ
5444320	5446320	だから2時半には
5448320	5450320	あ 2時半じゃね
5450320	5452320	最近 ここたはいつも前の話題出してるのに
5452320	5453320	マリアンも暗黒軍団だけど
5453320	5454320	なみどりと運ってるし
5454320	5456320	ふさしく挙げた玉がいいよ
5456320	5458320	2時半ぐらいに
5458320	5460320	打ち出なきゃいけないからそろそろ
5462320	5464320	2時半ぐらいに打ち出るから
5466320	5468320	準備に1時間半かけるとして
5468320	5470320	1時で
5480320	5482320	3ライザーアニメっていいよね
5484320	5486320	3ライザーアニメ
5492320	5494320	あんまり
5494320	5496320	古いのは知らないけど
5500320	5502320	伝説巨神イデオン
5502320	5504320	太陽の牙ダグラム
5504320	5506320	あ
5506320	5508320	ソーコー奇兵ボトムズ
5508320	5510320	ボトムズとかは好きだよ
5510320	5512320	銀河漂流バイファム
5512320	5514320	あ ここで良かったな
5514320	5516320	バイファム
5518320	5520320	15少年漂流機の
5520320	5522320	SF版って感じで
5522320	5524320	宇宙版って感じで
5524320	5526320	すごい好きだった
5526320	5528320	お前
5528320	5530320	あと知ってるのは
5530320	5532320	ダーティーペアね
5534320	5536320	これも千葉テレビでやってたな
5536320	5538320	俺は高校ぐらいの時
5540320	5542320	あと何だ
5544320	5546320	天空のエスカフローネとかね
5548320	5550320	正方部居は
5550320	5552320	天空のエスカフローネとか
5552320	5554320	天空のエスカフローネとか
5554320	5556320	天空のエスカフローネとか
5556320	5558320	正方部居は
5558320	5560320	アウトロスター
5560320	5562320	アウトロスター
5562320	5564320	バイファム13
5564320	5566320	バイファムリメイクされたのが
5566320	5568320	俺が
5570320	5572320	18歳の時やってたんだ
5574320	5576320	ガサラ機
5576320	5578320	ガサラ機とかいいね
5578320	5580320	懐かしい
5580320	5582320	無限のリバイアス
5583320	5585320	2000年代に入ると
5588320	5590320	アザ・スクライドのプラネテス
5594320	5596320	こんなところか
5607320	5609320	プラネテスでしょう
5609320	5611320	プラテネスじゃなくてプラネテス
5613320	5616320	メガゾーン2・3を見たことないかな
5629320	5632320	あと世界名作劇場とかも好きだよ俺
5636320	5638320	世界名作劇場?
5638320	5640320	世界名作劇場ってもうやってないんだっけ
5643320	5645320	世界名作劇場
5658320	5661320	トムソウヤの冒険フランダースのいる
5661320	5663320	家族ロビンソン
5663320	5665320	漂流機不思議な島のフローネ
5665320	5667320	ロミオな青い空
5668320	5670320	アルプスの少女配置
5672320	5674320	懐かしい
5674320	5676320	少女セイラとか子供の頃
5676320	5678320	見て
5678320	5680320	普通に俺セイラに恋してたからね
5684320	5686320	少女セイラでセイラに恋してた
5686320	5688320	子供の頃見て
5699320	5701320	懐かしいな
5703320	5706320	ラストどうなったんだっけ忘れちゃった
5706320	5709320	なんか個人でセイラが生活して
5709320	5712320	なんかいじめられたりする
5719320	5722320	世界名作劇場はだいたいハッピーエンドだ
5732320	5735320	7つの海の人とかも良かったな
5738320	5741320	大草原の小さな天使ブッシュベイビー
5743320	5746320	いやだってさ予定があるのにさ
5746320	5748320	病院行ったらさ
5748320	5751320	病院ですごいまた遮るかもしれないじゃん
5751320	5754320	それでさ予定が潰れちゃうと思ったら
5754320	5756320	行けないんだよ俺
5756320	5758320	そういうところ
5759320	5762320	ピーターパン見てた
5762320	5764320	ピーターパンの冒険か
5767320	5771320	ピーターパンって世界名作劇場の方が面白いよね
5771320	5773320	ギズニーのやつより
5773320	5775320	見た目も可愛らしいし
5778320	5780320	ギズニーのピーターパンより
5780320	5783320	世界名作劇場のピーターパンの方が
5783320	5786320	タイガーリリーとか可愛いよね
5789320	5790320	この間に病院行けたら
5790320	5791320	有給フォルダーもくびっ飛んでるぞ
5791320	5793320	なんで午前中暇なのに病院行かないの
5793320	5795320	暑そこのブーツみてぇな顔してんなw
5795320	5796320	早く警察しに行けや
5796320	5797320	顔赤いぞ熱あかれ
5797320	5798320	ここはw
5798320	5799320	明日は予定通りに動く
5799320	5800320	時間配分できないよな
5800320	5801320	なんですぐ嘘つくの
5801320	5803320	なんで午前中暇なのに病院行かないの
5803320	5805320	暑そこのブーツみてぇな顔してんなw
5805320	5806320	早く警察しに行けや
5806320	5807320	食場見なくって食場見に行くだけでしょ
5807320	5808320	何行けるの
5808320	5810320	なんで午前中暇なのに病院行かないの
5810320	5811320	早く警察しに行けや
5811320	5812320	行くのに1.5時間なし
5812320	5814320	時間にきっちりなところも病気
5814320	5815320	コートオブワールドワイドウエブ
5815320	5816320	早く警察しに行けや
5816320	5817320	今なのにハーブステーブルに動く
5817320	5818320	早く警察しけよ
5818320	5819320	顔赤いぞ
5819320	5820320	早く警察しに行けや
5820320	5822320	なんで午前中暇なのに病院行かないの
5822320	5823320	早く警察しに行けや
5823320	5824320	車力の巨人
5824320	5826320	なんで午前中暇なのに病院行かないの
5826320	5827320	おめぇ所ちゃんでも見とけや
5827320	5828320	待ち合わせw
5828320	5829320	早く警察しに行けや
5829320	5830320	警察しに行けや
5830320	5831320	でもやっぱり
5831320	5833320	一番好きなアニメは
5834320	5836320	軌道戦艦なでしこかな
5836320	5838320	なんだかんだ言って
5842320	5844320	軌道戦艦なでしこでさ
5846320	5848320	やっぱりヒロインのさ
5848320	5850320	ミスマルユリカがいいの
5850320	5852320	ミスマルユリカって
5853320	5855320	秋戸のことが好きなのに
5855320	5857320	自分から好きだと言わないの
5859320	5860320	その代わり
5860320	5862320	秋戸は私のことが好きっていう
5866320	5868320	それで秋戸は
5869320	5871320	最終回ぐらいに
5871320	5873320	ユリカに言うの
5873320	5876320	俺お前に好きって言われたことないぞって
5878320	5880320	それでユリカが
5880320	5881320	本当って言うの
5891320	5892320	一人事
5903320	5905320	当場ジョナちゃんってガンダム好きなの
5908320	5910320	当場ジョナちゃんってガンダム好きなの
5913320	5914320	そうなの
5914320	5916320	ガンダム
5919320	5921320	めっちゃ詳しいの
5922320	5924320	ガンダムとジョジョが好きなんだ
5928320	5930320	ジオーリジンが好きなの
5939320	5940320	でも俺ね
5940320	5942320	昔のガンダムも好きだけど
5942320	5945320	一番好きなガンダムは鉄血のオルフェンズなんで
5946320	5948320	あれが一番好きかな
5948320	5950320	最近のやつだけ
5953320	5956320	昔の初代とかも好きだけど
5957320	5960320	鉄血のオルフェンズが一番面白かった
5964320	5966320	後半も良かったよ
5973320	5975320	鉄血のオルフェンズとか
5980320	5982320	単Aも良かったね
5986320	5988320	単Aだと
5990320	5992320	単Aだと
5992320	5994320	ソシエ王女様だけ
5995320	5998320	あの子が一番魅力的なキャラなんだけど
5999320	6001320	なんかシャアみたいな
6003320	6006320	シャアの出来損ないみたいなやつとくっついちゃって
6007320	6008320	ちょっとね
6008320	6009320	ゲンナリした
6012320	6014320	ソシエじゃなくてキエルだっけ
6018320	6020320	あの金髪のさえやつ
6020320	6022320	キエルだっけソシエだっけどっちだっけ
6023320	6026320	ガンダムシリーズってなんかシャアの出来損ないみたいなの多いよね
6034320	6037320	ソシエが妹の茶色の端発の方だっけ
6039320	6041320	忘れちゃったのだいぶ前に見たから
6046320	6049320	とにかくこれが一番可愛いと思ったキャラが
6050320	6053320	シャアの出来損ないみたいなやつといい感じになっちゃって
6057320	6059320	ちょっとね腹が立って
6080320	6083320	なんかガンダムシリーズってさえ変なさあ
6084320	6087320	シャアみたいなさめえ隠してるやつよく出てくるじゃん
6089320	6090320	ルナマリア
6090320	6094320	ルナマリアは月の王女様だけ
6101320	6103320	そうそれ着替えないと
6109320	6111320	金持ちのおじいちゃんがひとる
6111320	6113320	どっくりアニメにハマってますね
6113320	6114320	ニンポーストキャンプやって
6114320	6115320	決めとして戻るんじゃないの
6115320	6116320	カウンス名作劇場
6116320	6118320	俺なんでこんな気持ち悪い配信見てるんだろう
6118320	6120320	彼女とランチ行ってくるわニンポーサンダブル
6120320	6121320	セイラで4,545とか
6121320	6123320	サンライズはカウンゴーリーバックだろ
6123320	6124320	ネロは4だぞ
6124320	6125320	ニンポンはバッドエンド
6125320	6127320	フランダースの犬ハッキーエンドだな
6127320	6128320	忘れちゃった
6128320	6130320	けど東京スキンがリクエストされました
6130320	6131320	魔法尋ねて3,000人
6131320	6132320	ああよきがえろ
6132320	6133320	ハウス食品
6134320	6135320	大草原
6135320	6136320	は
6137320	6138320	病院に電話予約しないの
6138320	6139320	先に病院だろ
6139320	6141320	面白くない話するなら放送終われよ
6141320	6143320	保健所に電話してPCR検査を受けるべきか聞けばいいやん
6143320	6144320	は
6144320	6145320	今そういう状況じゃないだろアホ
6145320	6146320	世界名作劇場
6146320	6147320	お前はイパーマフで仕こっただろ
6147320	6148320	こいつは頭を開いてんだろう
6148320	6149320	アサイチで行けばいいだろ
6149320	6150320	沼すぎてくさ
6150320	6151320	あかげのアンは
6151320	6152320	あのさ
6152320	6153320	中央支援のスタッフは何て言ってる
6153320	6154320	優位は歌ってるよね
6154320	6156320	午前中なら大丈夫大丈夫だっただろW
6156320	6157320	そうだったっけ
6157320	6158320	16時からだろ企業権学W
6158320	6159320	お前らあして舐めんなよ
6159320	6160320	まれにゃんからもろたか
6160320	6161320	午前中何してたの
6161320	6162320	W
6162320	6163320	ミュージック部屋
6163320	6164320	南の虹のルーシー
6164320	6165320	両方見ないなW
6165320	6166320	田舎乗り越し機
6166320	6167320	ピーターバー商工分
6167320	6168320	もしコロナだったらどうするの
6168320	6169320	相手のこと考えられないの
6169320	6171320	確かにビジネスだなアシペだったな
6171320	6172320	シリーハンター見とけ
6172320	6173320	沼同士で盛り上がってる場合か
6173320	6174320	ディズニーの場合じゃないだろ
6174320	6175320	いやコロナ人保
6175320	6177320	普通に周りに迷惑なのわからない
6177320	6178320	アニメの話くぼたと愛想だな
6178320	6179320	あ
6179320	6180320	あ
6180320	6181320	やばい
6181320	6182320	あ
6182320	6183320	永遠に大人になれずに
6183320	6184320	子供の心のまま大人になってしまうの
6184320	6185320	ピーターシンドロームと言います
6185320	6186320	あ
6186320	6187320	他の選手がコロナかかってないから
6187320	6188320	大丈夫じゃね
6188320	6189320	あかん
6189320	6190320	あ
6190320	6191320	コロナ
6191320	6192320	あ
6192320	6193320	あ
6193320	6194320	あ
6194320	6195320	あ
6195320	6196320	ピーターバー商工分って
6196320	6197320	大人になれない人たちでしょ
6197320	6198320	きちそう
6198320	6199320	やばい
6199320	6200320	たもり
6200320	6201320	この人保は本物ですか
6201320	6202320	熱上がってみて
6202320	6203320	これ大丈夫かW
6203320	6204320	嫌な席だな
6204320	6205320	何考えてんだよ
6205320	6206320	ほらみろ
6206320	6207320	直ってないやん
6207320	6208320	たもり
6208320	6209320	人保メガネがおコロナじゃないよ
6209320	6210320	ごほほほほほ
6210320	6211320	知るか
6211320	6212320	バカは読んだな
6212320	6213320	けなおらない
6213320	6214320	デタデタなデシコ
6214320	6215320	この人にこなかするわ
6215320	6216320	企業で席込む人保
6216320	6217320	顔持ちわない
6217320	6218320	働きたくないやばい
6218320	6219320	先鋒の妖人保だろ
6219320	6220320	人気あったやつか
6220320	6221320	人保参考にちわ
6221320	6222320	明日なの
6222320	6223320	平成女子やみめか
6223320	6224320	なでなデシコ
6224320	6225320	歴代が
6225320	6226320	コロナかかったんでしょ
6226320	6227320	テンチ無用
6227320	6228320	わ
6228320	6229320	デタ
6229320	6230320	席してたら
6230320	6231320	相手の会社のお前に対する
6231320	6232320	印象悪いぞ
6232320	6233320	何だろうな
6233320	6234320	あ
6234320	6235320	あ
6235320	6236320	あ
6236320	6237320	あ
6237320	6238320	あ
6238320	6239320	あ
6239320	6240320	belong
6240320	6241320	家属にコロナ散ちたいの
6241320	6242320	不思議の身の成屋だよ
6242320	6243320	一番好きなの
6243320	6244320	兼持無用じゃないの
6244320	6245320	なでしこで
6245320	6246320	しこしこした
6246320	6247320	女の子がかわいいか
6247320	6248320	どうかだよな
6248320	6249320	ダブリュ
6249320	6250740	席してたら
6250740	6251820	覚えされるんだ
6251820	6253320	デシフの arm
6253320	6254320	来らせないから
6254320	6255320	デ monkey
6255320	6256320	ちなみさ
6256320	6257320	県台� tensions
6257320	6258320	大人
6258320	6259320	天使
6259320	6260320	倫廷
6260320	6261320	メインバトゥ
6261320	6262320	シー
6262320	6263320	insurance
6263320	6264460	おゲーム
6264460	6265320	ラティー
6265320	6265980	劇中
6265980	6266920	ホーム
6266920	6267920	解く
6267920	6268820	イレール
6268820	6270820	こいつ、最近の話をしてくれないか分からん
6270820	6271820	うん、女の顔持ち笑い
6271820	6273820	人工もリスナーにづつって言ったことないね
6273820	6275820	アニメの話し出したら止まらんな
6275820	6277820	今まコメント読まなくなったな
6277820	6278820	めちゃ詳しいぞあいつ
6278820	6279820	タイムオーバー
6279820	6280820	うわー
6280820	6282820	誰も話しついていけないからやめて
6282820	6283820	クボタと話して
6283820	6284820	ランダムと女が好き
6284820	6285820	もともと
6285820	6286820	ロックオン
6286820	6287820	うわ
6287820	6288820	はじめのに行くの
6288820	6289820	女女知ってるのかよ
6289820	6290820	女の顔だ
6290820	6291820	女の顔だ
6291820	6292820	女の顔だ
6292820	6293820	女の顔だ
6293820	6294820	女の顔だ
6294820	6295820	女の顔だ
6295820	6296820	女の顔だ
6296820	6297820	女の如此知ってるのかよ
6297820	6298820	女の顔だ
6298820	6299820	ロックオン
6299820	6303360	女の how you're
6303360	6304520	ロックオン
6304520	6305820	甘いの構造国旧版がリクエストされました
6305820	6307120	今の時代は天性系アニメだから
6307120	6308120	ロックオン
6308120	6311100	オリジナル曲dreamlandモト祭がリクエストされました
6311100	6312020	女のはジュアリジンが好き
6312020	6313320	はい, 女 четыもいてそう
6313320	6314140	13時になったらコメント 5止めないか
6314140	6315160	女のロックオン, w
6315160	6316020	ロックオン
6316020	6317020	話しし合うかも
6317020	6318060	ロックオン
6318060	6319300	女の如とランダムシンジャーだぞ
6319300	6321220	よいんで門信標の職業なんて書くの
6321220	6323220	ランダム好きな男も好きって言ってた
6323220	6324220	やめた לי w
6326820	6328820	ブロックオンでもアニメの話しやさいよね
6328820	6330820	むとむく咳こめする顔持ち笑い
6330820	6332820	ランダム好きなんだむとむく
6332820	6334820	ジョナキタハンダクテンハンダクテン
6334820	6336820	ライブ映像です女ターゲット変えた
6336820	6338820	キラーンこれた顔持ち笑い
6338820	6340820	DMオクレ女内系よ
6340820	6342820	ブロックオンみちゃあ女名がお前にしてたぞ
6342820	6344820	ジョナルート行くかブロックオン
6344820	6346820	これは女の米が広がない富野先生
6346820	6348820	イケニー発見女名と絡め
6348820	6350820	見分かたぞ女名見てるか出してんおめが
6350820	6352820	アクサングラブお前出そう次女ナキの落ち込んでたよ
6352820	6354820	なんか味わい深い話だなW
6354820	6356820	年上がずっと言ってたバイオリップオクレ
6356820	6358820	ジョナめっちゃ理想高いだろ
6358820	6360820	クサジョナってイザークみたいな噛みしてるよね
6360820	6362820	次はジョナかジョナ寂しくて仕方がないって
6362820	6364820	いけるぞえ親方ジョナルート行くの
6364820	6366820	珍しいなあそジョナ逃げるなよ
6366820	6368820	二重大の女性セーションは逃げて
6368820	6370820	わわわそっちか希望の花
6370820	6372820	むとむくオルフェンズは前半だけ良かった
6372820	6374820	後半はダメだろあジョナに真似してもらえ
6374820	6376820	ジョナはフリーだぞDM攻撃
6376820	6378820	俺もそう思う一番良かったアニメ教えて
6378820	6380820	ダサくだろえアニメの話やめろ
6380820	6382820	絶対嘘これガンダムかよ
6382820	6384820	ジョナに言っとくわ珍しいね
6384820	6386820	ターンエアが一番なんだよなあ
6386820	6388820	こんなやつが来る会社かわいそすぎる
6388820	6390820	ジョナはフリー素材なの
6390820	6392820	ジョナ一年戦争しか興味ないよ
6392820	6394820	あれガンダムである必要なくね
6394820	6396820	ディブルー見とけ
6396820	6398820	コケセンが好きって言ってたのにW
6398820	6400820	一人でぶつぶつなに言ってんだ
6400820	6402820	とどまるんじゃねえぞ
6402820	6404820	コイン大きい男人法W
6404820	6406820	コロナでは良いけそのジシーさんの飲み子W
6406820	6408820	一人でぶつぶつなに言ってんだ
6408820	6410820	かせいを独立させるまで言えば良かったのに
6410820	6412820	中途半端に潰された感じにしたのはダメでしょ
6412820	6414820	それアニメの話 ファールドアイドウェブ
6414820	6416820	今日内会計よぶつぶつ言ってないでハローアイオーケ
6416820	6418820	Wだろよ覚えてるな通報する
6418820	6420820	誰のことかな?
6420820	6422820	女ならWガンダム外せないんじゃないの
6422820	6424820	ガンダムサンダーブルトは面白いよ
6424820	6426820	ワヨケン学イケヤ
6426820	6428820	シャアのできそこない多いからな
6428820	6430820	逆張り外しW
6430820	6432820	わかんねWまだ病院行ってないの
6432820	6434820	あんたまかお前のほうができそこない
6434820	6436820	俺も限なりした配信してる気もあるなら
6436820	6438820	逆張り外しW
6438820	6440820	逆張り外しW
6440820	6442820	逆張り外しW
6442820	6444820	逆張り外しW
6444820	6446820	逆張り外しW
6446820	6448820	逆張り外しW
6448820	6450820	逆張り外しW
6450820	6452820	逆張り外しW
6452820	6454820	逆張り外しW
6456820	6458820	逆張り外しW
6458820	6460820	逆張り外しW
6460820	6462820	逆張り外しW
6462820	6464820	逆張り外しW
6464820	6466820	逆張り外しW
6466820	6468820	逆張り外しW
6486820	6488820	逆張り外しW
6488820	6490820	逆張り外しW
6490820	6492820	逆張り外しW
6492820	6493820	県学応募に合格したの?
6493820	6494820	お前には言われたくないだろ
6494820	6495820	一番好きな配信者は?
6495820	6496820	wはジェクスだろ
6496820	6497820	ヌナマリアのことか
6497820	6499820	妊婦さん終了支援は休みですか?
6499820	6500820	人間の出来損ない妊婦?
6500820	6501820	割れ
6501820	6502820	加藤純一新鋭隊エモン登場
6502820	6503820	ところでこいつキモカを持ち割り
6503820	6505820	そんなヤツたんAにねえよ
6505820	6506820	偉い偉い偉いが
6506820	6507820	皆様が一番可愛い
6507820	6508820	シャア自体も出来損ないなんだけどだ
6508820	6509820	割れ
6509820	6510820	加藤純一新鋭隊エモン登場
6510820	6511820	ところでこいつキモW
6511820	6513820	お前と話してると楽しいわ
6514820	6515820	割れ
6515820	6516820	加藤純一新鋭隊エモン登場
6516820	6517820	ところでこいつキモカを持ち割り
6517820	6518820	県学ってなんだよ
6518820	6519820	その話またするの
6519820	6521820	そろそろスーツに着替えないとダメだよ
6521820	6522820	割れ
6522820	6523820	加藤純一新鋭隊エモン登場
6523820	6524820	ところでこいつキモW
6524820	6525820	土曜魔法に合うんだろ
6525820	6526820	待ってるからな
6526820	6527820	え
6527820	6528820	岩カワールドワイドウェブ
6528820	6529820	ジャイアンド出来損ないの?
6529820	6530820	割れ
6530820	6531820	加藤純一新鋭隊エモン登場
6531820	6532820	ところでこいつキモカを持ち割り
6532820	6533820	マスクキャラは仕方がない
6533820	6534820	割れ
6535820	6536820	加藤純一新鋭隊エモン登場
6536820	6537820	ところでこいつキモW
6537820	6539820	スルフロンタルとクルーセシカいねえよ
6539820	6540820	アニオタテみんなこんなの
6540820	6541820	聞いてないのに語り続ける
6541820	6543820	席してるから県学なんて自粛だろ
6543820	6544820	じゃあな
6544820	6545820	何言ってるかわからない
6545820	6546820	坂本マーアイアのキャラだろ
6546820	6547820	逃げるな
6547820	6548820	エモン君まだ勝散なんて見てるの
6548820	6549820	砂マリアホーク
6549820	6550820	お出かけ
6550820	6551820	シンダム
6551820	6552820	いやー
6552820	6553820	人間のクローンミンポ
6553820	6554820	語り続けるとW
6554820	6555820	着替えみせろ
6555820	6556820	何とか自粛させないと
6556820	6557820	下はカジャマだったのね
6558820	6559820	ラクオリアのパイロットだろ
6559820	6560820	席はヤバイな
6560820	6561820	ちゃわい
6561820	6562820	シールデスティニーのザクトゲイだろ
6562820	6563820	企業兼額16時
6563820	6564820	会社兼額
6564820	6565820	スーツキルの
6565820	6566820	もっと話ししの話しよう
6566820	6567820	どこ行くの
6567820	6568820	強化人間にした方がいいなニンポ
6568820	6569820	スーツキルのスルフロンタル
6569820	6570820	遺伝子操作された人造人間ニンポ
6570820	6571820	真似たべきな
6571820	6573820	女子生思いがいはアニメと映画しかないの
6573820	6574820	中農無駄に多いな
6574820	6575820	割れ
6575820	6576820	加藤純一新鋭隊エモン登場
6576820	6577820	ところでこいつキモ顔もじまない
6578820	6579820	じゅかちスタイル見せてよ
6579820	6580820	ニンナマはニュータイプ
6580820	6581820	中農支援
6581820	6582820	争いやしきつきど
6582820	6583820	割れ
6583820	6584820	加藤純一新鋭隊エモン登場
6584820	6585820	ところでこいつキモダブリュ
6585820	6586820	オーツカカブ
6586820	6587820	バイオハザードの時だ
6587820	6588820	じゃあな
6588820	6589820	事故なかすぎて自粛なんてないんだろうな
6589820	6590820	こんな席してるやつが来たら嫌だな
6590820	6592820	古いRPGのNPCみたいなアルキモをするような
6592820	6593820	土曜魔法に合うんだろ
6593820	6594820	3人連れて待ってるからな
6594820	6595820	エモンアティキッショ
6595820	6596820	ニュータイプ
6596820	6597820	ニンポ
6597820	6598820	ナースと触れ合うために全力
6599820	6600820	てか、これ、ロクナじゃないじゃん
6600820	6601820	ニンナマはパーフェクトするじゃん
6601820	6602820	奥に何があるんだ
6602820	6603820	どんかくさん配信してんだろ
6603820	6604820	そっち行け
6604820	6605820	土曜魔法に合うんだろ
6605820	6606820	3人連れて待ってるからな
6606820	6607820	ワイシャツニュータイ
6607820	6608820	割れ
6608820	6609820	加藤純一新鋭隊エモン登場
6609820	6610820	ところでこいつキモカをもじまない
6610820	6611820	この人のギリケンは演技なの
6611820	6613820	こんだけ席でそこ出るってやばいだろこいつ
6613820	6614820	割れ
6614820	6615820	加藤純一新鋭隊エモン登場
6615820	6616820	ところでこいつキモダブリュ
6616820	6617820	割れ
6617820	6618820	加藤純一新鋭隊エモン登場
6618820	6619820	ところでこいつキモカをもじまない
6619820	6620820	マスクしててもこの席は嫌だよね
6620820	6621820	家の中は無いして
6621820	6622820	割れ
6622820	6623820	加藤純一新鋭隊エモン登場
6623820	6624820	ところでこいつキモダブリュ
6624820	6625820	ナースと触れ合うために全力ダブリュ
6625820	6626820	他に会いに行こう
6626820	6627820	今日議員系なんで明日なんだダブリュ
6627820	6628820	東京の電車で席していた人いたから
6628820	6629820	感染したのかも
6629820	6630820	ピンッ
6630820	6631820	ワールドアイドウェブ
6631820	6632820	そういえばすぐ減らし光復活するな
6632820	6633820	ワールドアイドウェブ
6633820	6634820	ちなみにさ
6634820	6635820	そういえばしゃださんも毎回コロナゲーしていたし
6635820	6636820	ちなみに
6637820	6638820	ちなみに
6638820	6643820	ガンダムシリーズで一番可愛いヒロインって
6643820	6644820	ルールカだよね
6644820	6645820	加藤純一新鋭隊エモン登場
6645820	6646820	ルールカが一番可愛いよね
6646820	6647820	通誌後に相手席してたから打ちされたな
6647820	6648820	ってなったらどう責任取るんだかね
6648820	6649820	分かる
6649820	6650820	中学生みたい
6650820	6651820	人様おしゃれ
6651820	6652820	正気がいった
6652820	6653820	後ろがドアだったんだ
6653820	6654820	起きるご飯食べないの
6654820	6655820	おじいちゃんがどうした
6655820	6656820	歩き儲がおじいちゃん
6656820	6657820	あるし
6657820	6658820	あるし
6658820	6659820	あるし
6659820	6660820	あるし
6660820	6661820	あるし
6661820	6662820	あるし
6662820	6663820	あるし
6663820	6664820	あるし
6664820	6666820	ルールカが一番可愛いと思う
6673820	6678820	だからルールカとルールカが
6678820	6680820	ヒロインの座を取ってくれて
6680820	6683820	僕はねその点では満足してます
6685820	6688820	で一番クソなヒロインは
6689820	6691820	ニナパープルトン
6694820	6697820	ニナパープルトンが一番クソなヒロイン
6724820	6725820	おばさん
6725820	6726820	スタイルが中学生
6726820	6727820	中国人みたいだなこいつ
6727820	6728820	割れ
6728820	6729820	加藤純一新鋭対エモン登場
6729820	6730820	ところでこいつキモW
6730820	6731820	何かおもろいW
6731820	6732820	何なんすかこれ
6732820	6733820	左の一番おかえよ
6733820	6734820	割れ
6734820	6735820	加藤純一新鋭対エモン登場
6735820	6737820	ところでこいつキモかおもち割れ
6737820	6738820	ハミガキ
6738820	6739820	割れ
6739820	6740820	加藤純一新鋭対エモン登場
6740820	6741820	ところでこいつキモW
6741820	6742820	下書きくらいかかしつれてこい
6742820	6743820	割れ
6743820	6744820	加藤純一新鋭対エモン登場
6744820	6746820	ところでこいつキモかおもち割れ
6746820	6747820	ゆくちゃんは専門じゃないの
6748820	6749820	割れ
6749820	6750820	加藤純一新鋭対エモン登場
6750820	6751820	ところでこいつキモW
6751820	6752820	あるくだけでエモなる男人様
6752820	6753820	コントリアルを
6753820	6754820	兼ねに帰っていくスタイルにいくのな
6754820	6755820	割れ
6755820	6756820	加藤純一新鋭対エモン登場
6756820	6757820	ところでこいつキモかおもち割れ
6757820	6758820	隠し取りだ
6758820	6759820	加藤純一新鋭対エモン登場
6759820	6760820	隠し取りだ
6760820	6761820	加藤純一新鋭対エモン登場
6761820	6762820	ところでこいつキモかおもち割れ
6762820	6763820	隠し取りだ
6763820	6764820	加藤純一新鋭対エモン登場
6764820	6765820	隠し取りだ
6765820	6784820	加藤純一新鋭対エモン登場
6784820	6795820	今さぁ、パンツに押し粉のしみがついてたんだけど、見えてないよね。
6795820	6807820	パンツに押し粉のしみがついてたんだけど、見えてないよね。
6808820	6812820	見えてないよ。
6819820	6822820	今押し粉してきたから。
6837820	6841820	おやかたの相談なんだったん。
6867820	6875820	ゆきちゃん、何もできないから結婚も難しいしな。何が収納されてるのやら。どこにワークシーにいった人法よ。かきフライは移動のときも発表していたのか。最近のこっちの米かせり多くなりましたね。
6875820	6885820	パンツは母ちゃんの読めり動物だろうな。きこもりなのに異常持ちなんだな。加藤純一。日本一の雑誌城郎。キュリタイクはかきフライって配信者。都合だからな。かきフライはかっこいい。
6886820	6893820	急激に痩せたからスーツがすごいダボダボになっちゃったんだけど。
6893820	6898820	すごいダボダボになっちゃったんだ。見えるこれ。
6916820	6919820	おやかね持ちならプラスか。
6919820	6921820	時間は安定した食につけるまではちょっと大変だろうな。
6921820	6923820	遺産は3等分だよ。何してんねん。
6923820	6925820	加藤純一。人様おしゃれ。
6928820	6931820	あんなところはあるのか。そこから来てる。お父さん公務員か。
6931820	6934820	はみがき人に。人法誰ともかかわらないとか言ってません。
6934820	6936820	次回は来週からは誰ともかかわらないと言いましたが。
6936820	6938820	兄分の一の3分の1だわ。
6938820	6941820	まさかはみがき。普通な時間。ゆき。中に出すぞ。いく。
6941820	6944820	何してんだしじい。かきフライは人法に負けちゃうんだ。
6944820	6946820	コロナ。こいつなでかたすぎ。
6946820	6948820	ゆき。中に出すぞ。いく。
6948820	6950820	ゆき。中に出すぞ。いく。
6950820	6952820	年齢不償だよな。責任はなみずだ。筋肉なさすぎだろ。
6952820	6954820	単純だけ言うように多いな。
6954820	6956820	遺産が3分割で言えるからこいつはこの家住めないよ。
6956820	6958820	ゆき。企業見学やったらぜって顔してるな。
6958820	6960820	人法ってこうでちゃんとしてるような。
6960820	6962820	ゆき。何がいつも出にもな。
6962820	6963820	かきフライはハイカー魔法が制御もしか相手にしないということを
6963820	6964820	気づいた方がいい。
6964820	6966820	ゆき。中に出すぞ。いく。
6966820	6967820	動きが高齢者。
6967820	6968820	ゆき。中に出すぞ。いく。
6968820	6969820	動きが高齢者。
6969820	6970820	ゆき。中に出すぞ。いく。
6970820	6972820	生理精図が下手かこれ。
6972820	6974820	685の敷地面積だったような。
6974820	6976820	加藤純一が共定にする王子様やるからみんな見ろよ。
6976820	6977820	ゆき。
6977820	6978820	見学だけだな。
6978820	6980820	ゆき。中に出すぞ。いく。
6980820	6981820	あ、ゆき。
6981820	6982820	ワールドワイドウェブ。
6982820	6983820	うわ、えっと。
6983820	6984820	顔持ち笑い。
6984820	6985820	W。
6985820	6986820	え、同人ワールドワイドウェブ。
6986820	6987820	キチャー。
6987820	6988820	ワールドワイドウェブ。
6988820	6989820	顔持ち笑い。
6989820	6990820	コロナ禍別にして敷地してるのに
6990820	6991820	面談するのはバカだろ。
6991820	6992820	あるかも。
6992820	6993820	家もおじさんの件に絡んでて
6993820	6994820	売却負荷。
6994820	6995820	おじさんカンティ。
6995820	6996820	ゆき。
6996820	6997820	中に出すぞ。いく。
6997820	6998820	おじいちゃん。
6998820	6999820	ゆき。
6999820	7000820	今日のね、答えがこれ。
7000820	7001820	ゆき。
7001820	7002820	あ。
7002820	7003820	企業兼額なら俺もガンガン言ってやんよ。
7003820	7004820	みがるになったな。
7004820	7005820	足がニートワールドワイドウェブ。
7005820	7006820	顔持ち笑い。
7006820	7007820	じじいちゃん。
7007820	7008820	ゆうて40代やし。
7008820	7009820	企業兼額からの自習入れるかな。
7009820	7010820	歩くマッチゴー。
7010820	7011820	ワールドワイドウェブ。
7011820	7012820	筋肉がまるでない顔持ち笑い。
7012820	7013820	むきむきやないか。
7013820	7014820	さるまた。
7014820	7015820	しろだな。
7015820	7016820	またカヨー追いW。
7016820	7017820	3分の1の遺産を
7017820	7018820	女の騙しておられて終了か。
7018820	7019820	同人。
7019820	7020820	ひけ。
7021820	7022820	やらしい。
7022820	7023820	ベジュ。
7023820	7024820	小指で倒せます。
7024820	7025820	下に姿でうろつくなW。
7025820	7026820	同人W。
7026820	7027820	なんでグリーフ顔持ち笑い。
7027820	7028820	いつまで?
7028820	7029820	さっきの課長だったのか。
7029820	7030820	正気がいたああああああああ。
7030820	7031820	横臣出てたぞーがい。
7031820	7032820	足は細い顔持ち笑い。
7032820	7033820	チンコ。
7033820	7034820	ように。
7034820	7035820	一日働くてで4人そう。
7035820	7036820	テニスの王子様面白そうやな。
7036820	7038820	これは、ちなみに、
7038820	7042820	誕生日にブラキ先輩からもらったやつ。
7042820	7043820	土曜マホに会うんだろ。
7043820	7044820	3人連れて待ってるからな。
7044820	7045820	土曜マホに会うんだろ。
7045820	7046820	3人連れて待ってるからな。
7046820	7047820	土曜マホに会うんだろ。
7047820	7048820	3人連れて待ってるからな。
7048820	7049820	はっ。
7049820	7050820	土曜マホに会うんだろ。
7050820	7051820	3人連れて待ってるからな。
7051820	7052820	稼働充実。
7052820	7053820	ブリちゃんフローチ病み。
7053820	7054820	虚弱難題生物。
7054820	7055820	まだ話す。
7055820	7056820	わかる。ちなみな。
7056820	7057820	きたわ。
7057820	7058820	あ、はい。
7058820	7059820	え、そんなこと聞いてないんだよ。
7059820	7060820	むとむく。
7060820	7061820	怖っ。
7061820	7062820	通負女。
7062820	7063820	進化者へ対処みたい。
7063820	7064820	レニブで見せんの。
7064820	7065820	何でもかんでもお腹よ。
7065820	7066820	ルールかだよ。
7066820	7067820	話題がキモい。
7067820	7068820	良い意見。
7069820	7070820	何言ってるのかな?
7070820	7071820	エマさん。
7071820	7072820	お前ブリーフ顔持ち笑い。
7072820	7073820	誰も聞いてないよ。
7073820	7074820	せいだ。
7074820	7075820	ドリ。
7075820	7076820	すなまりやな。
7076820	7077820	え、こいつ顔持ち笑い。
7077820	7078820	え、ハイドリかくて。
7078820	7079820	ナクス様だろ。
7079820	7080820	わ、わからない。
7080820	7081820	何シリーズの子。
7081820	7082820	わ、フルだから。
7082820	7083820	そうなの。
7083820	7084820	人様、そのままでいいです。
7084820	7085820	良い意見かか。
7085820	7086820	わかったわかった。
7086820	7087820	グーグーかW。
7087820	7088820	ナクス様じゃないの。
7088820	7089820	レインミカムラ。
7089820	7090820	誰と話してんの?
7090820	7091820	フルが好き。
7091820	7092820	エマシン注意。
7092820	7093820	誰?ドリか。
7094820	7095820	フルからン。
7095820	7096820	フラウだよ。
7096820	7097820	未来だろ。
7097820	7098820	ブタマリアポークだろ。
7098820	7099820	クボタと話せよ。
7099820	7100820	40年間何してきたんですか?
7100820	7101820	その話、女にもするの。
7101820	7102820	女大好きってインポ。
7102820	7103820	パンツ見せて。
7103820	7104820	ドヨーマホに会うんだろ。
7104820	7105820	3人連れて待ってるからな。
7105820	7106820	レインミカムラだろ。
7106820	7107820	ドヨーマホに会うんだろ。
7107820	7108820	3人連れて待ってるからな。
7108820	7109820	エマさんに近くやろ。
7109820	7110820	何の話してんの?
7110820	7111820	ドヨーマホに会うんだろ。
7111820	7112820	3人連れて待ってるからな。
7112820	7113820	誰も聞いてないよ。
7113820	7114820	ドヨーマホに会うんだろ。
7115820	7116820	ドヨーマホに会うんだろ。
7116820	7117820	3人連れて待ってるからな。
7117820	7118820	ドヨーマホに会うんだろ。
7118820	7119820	ドヨーマホに会うんだろ。
7119820	7120820	ドヨーマホに会うんだろ。
7120820	7121820	ドヨーマホに会うんだろ。
7121820	7122820	ドヨーマホに会うんだろ。
7122820	7123820	ドヨーマホに会うんだろ。
7123820	7124820	ドヨーマホに会うんだろ。
7124820	7125820	ドヨーマホに会うんだろ。
7125820	7126820	ドヨーマホに会うんだろ。
7126820	7127820	ドヨーマホに会うんだろ。
7127820	7128820	ドヨーマホに会うんだろ。
7128820	7129820	ドヨーマホに会うんだろ。
7129820	7130820	ドヨーマホに会うんだろ。
7130820	7131820	ドヨーマホに会うんだろ。
7131820	7132820	パープルソンだろ。
7132820	7133820	ハモンさん。
7133820	7134820	お前やっぱりおりこんだわ。
7134820	7135820	ルールかワールドワイドウエブ。
7135820	7136820	わかる。
7136820	7137820	おう、同性障害。
7137820	7138820	クボタンの親友になりそう。
7138820	7139820	クソはお前。
7139820	7140820	ブライトさんだよ。
7140820	7141820	ガンダムでも可愛い基準なのか?
7141820	7142820	W。
7142820	7143820	下指差し、病院行け下指差し。
7143820	7144820	顔持ち笑い。
7144820	7145820	ウリ。
7145820	7146820	中に出すぞ。
7146820	7147820	行く。
7147820	7148820	人気が微妙な部分の話なの。
7148820	7149820	ヤカマシーは?
7149820	7150820	カテチナは?
7150820	7151820	ハイパーにその質問してみて。
7151820	7152820	W。
7152820	7153820	先行のハサウエーにいます。
7153820	7154820	W。
7154820	7155820	ガールドワイドウエブ。
7155820	7156820	それ知らない?
7156820	7157820	ウリ。
7157820	7158820	クソはあなた。
7158820	7159820	ムラサキブタ。
7159820	7160820	一番ケースは席しているのに
7160820	7161820	面談以降お前だ。
7161820	7162820	それはしわないわ。
7162820	7163820	セイラさんは?
7163820	7164820	ウリー。
7164820	7165820	クソ。
7165820	7166820	カテチナじゃないんだな。
7166820	7167820	誰?
7167820	7168820	ユギちゃん。
7168820	7169820	同意されとるW。
7169820	7170820	誰だよ?
7170820	7171820	カルテキミュー。
7171820	7172820	ミネバハウコだぞ。
7172820	7173820	ガトンのかきたね。
7173820	7174820	クソな日本人はキミかな?
7174820	7175820	一番クソなのはお前だよ。
7175820	7176820	ミナとはレイレイ8さんに出てくる
7176820	7177820	ヒロインです。
7177820	7178820	顔持ち笑い。
7184820	7185820	動きがじじいでくさ。
7185820	7187820	突如ガンダムのヒロインの話するの怖い。
7187820	7188820	一番分なのはお前やん。
7188820	7189820	初めて納得できた。
7189820	7190820	ヒボブギちゃん1万円を勝ちで
7190820	7191820	20分でトカス。
7191820	7192820	お前1万で配信するんだよ。
7192820	7193820	イトイクはイト。
7193820	7194820	ウリー。
7194820	7195820	クリー。
7195820	7196820	ベッドがじじいのそれ。
7196820	7198820	ジョナとイクトを押してしまいそうで怖い。
7198820	7199820	喋るか準備するかどっちかにしろ。
7199820	7200820	そして現実で現実で
7200820	7201820	ケースの配信者と言えば
7201820	7202820	スーツは厚い。
7202820	7203820	ラスク。
7203820	7204820	ガクス。
7204820	7205820	スーツクソは厚いんだけど。
7206820	7207820	スーツは厚いんだけど。
7226820	7227820	当場ジョナちゃんって
7227820	7229820	ジェータガンダムが好きなの?
7229820	7231820	ジェータガンダムってなんだっけ?
7232820	7234820	カミユビダンのやつだっけ?
7237820	7239820	カミユビダンだっけ?
7239820	7241820	カミユビダンだっけ?
7261820	7262820	ジェータガンダムって
7262820	7265820	そんな面白くなかったな。
7266820	7268820	あんま覚えてないわ。
7270820	7272820	ダブルゼータの方が面白いよね。
7272820	7273820	なんか
7280820	7282820	ダブルゼータの方が
7282820	7285820	なんかすごい楽しげな雰囲気があってさ
7285820	7287820	キャラクターたちがみんな
7287820	7289820	わちゃわちゃしてて楽しかったじゃん。
7300820	7301820	ダブルAは
7302820	7305820	ジェータが好きなのか。
7310820	7312820	ジェータってくらいよ。
7330820	7332820	そんなこと言ってないよ。
7332820	7333820	偽物でしょ。
7333820	7335820	当場ジョナちゃんに絡んでる
7335820	7337820	っていう人は
7360820	7361820	ジョナちゃん
7361820	7362820	ダブル
7362820	7363820	M要素ないけどジョナ行くか。
7363820	7364820	メガネが変なけん。
7364820	7365820	ハマアン様好きなんじゃないの。
7365820	7366820	ネブセ。
7366820	7367820	ひなきゅうジョナ。
7367820	7368820	人工さんスーツ姿に合ってます。
7368820	7369820	IT関連の仕事をしてそうな雰囲気ですよ。
7369820	7370820	ネブセとメガネで合うと。
7370820	7372820	ジョナは肉食系だから激しいぞ。
7372820	7373820	見せさだもいる。
7373820	7374820	後ろネブセついてるぞ。
7374820	7375820	なんか変。
7375820	7376820	ダブル。
7376820	7377820	184にメガネ変え。
7377820	7378820	ひなきゅうキープ。
7378820	7379820	右にネブセあるよ。
7379820	7380820	そのメガネだと落ちるぞ。
7380820	7381820	1回ジョナとガンダムトークしてもらいたい。
7381820	7382820	ジョナには興味ないのか。
7382820	7383820	このメガネふざけてるの。
7383820	7385820	ジョナは青が好きだしアニメも素晴らしあうぞ。
7385820	7387820	ジョナは今のパジローってまたパジロミに買うってさ。
7387820	7388820	嫌だわ。
7388820	7389820	こんなやつ兼額に来たら。
7389820	7390820	サラさんもガンダム好きだぞ。
7390820	7391820	ダブル。
7391820	7392820	またメガネそれで行くのかい?
7392820	7393820	ワールドワイドを得る。
7393820	7394820	かっけ。
7394820	7395820	質問練習つき合ってやるから配信しながらやろう。
7395820	7396820	ジョナはギル5本持ち。
7397820	7398820	第1印象大事だぞ。
7398820	7399820	窓際にいそうな雰囲気。
7399820	7400820	パジロってもう無いんじゃ顔持ち笑い。
7400820	7401820	コボちゃん。
7401820	7402820	ジョナの機能のタイムシフトで言ってる。
7402820	7403820	忍法さんがんばれ。
7403820	7404820	緊張してます。
7404820	7405820	パジロルンW。
7405820	7406820	就職用メガネがあるそうな。
7406820	7407820	殺す結業兼額に行くなり。
7407820	7409820	さっきの32歳の時のメガネの方がまだ浮かるぞ。
7409820	7410820	ワールドワイドを得る。
7410820	7411820	ジョナとガンダムトークで行けよ。
7411820	7412820	おじいちゃん早く。
7412820	7414820	母親にビル見つかって大所に再されたことあり。
7414820	7415820	忍法後。
7415820	7416820	動きが自治。
7416820	7417820	できる男には見えないW。
7417820	7419820	ジョナの機能のタイムシフトで言ってる。
7419820	7421820	自分が担当者だったら嫌だわ。
7421820	7423820	こんなやつ見なくに来たら顔持ち笑い。
7427820	7428820	ジョナはクワトロトパで例ななった話をしてる。
7428820	7430820	脳内ではいつもイケメンモデル気分。
7430820	7431820	W。
7431820	7432820	W。
7432820	7433820	W。
7433820	7434820	W。
7434820	7435820	W。
7435820	7436820	W。
7436820	7437820	W。
7437820	7438820	W。
7438820	7439820	W。
7439820	7440820	W。
7440820	7441820	W。
7441820	7442820	W。
7442820	7443820	W。
7443820	7444820	W。
7444820	7445820	W。
7445820	7446820	W。
7446820	7447820	W。
7447820	7448820	W。
7448820	7449820	W。
7449820	7450820	W。
7450820	7451820	W。
7451820	7452820	W。
7452820	7453820	W。
7453820	7454820	W。
7454820	7455820	W。
7455820	7456820	W。
7456820	7457820	W。
7457820	7458820	W。
7458820	7459820	W。
7459820	7460820	W。
7461820	7462820	W。
7462820	7463820	W。
7463820	7464820	W。
7464820	7465820	W。
7465820	7466820	W。
7466820	7467820	W。
7467820	7468820	W。
7468820	7469820	W。
7469820	7470820	W。
7470820	7471820	W。
7471820	7472820	W。
7472820	7473820	W。
7473820	7474820	W。
7474820	7475820	W。
7475820	7476820	W。
7476820	7477820	W。
7477820	7478820	W。
7478820	7479820	W。
7479820	7480820	W。
7480820	7481820	W。
7481820	7482820	W。
7482820	7483820	W。
7483820	7484820	W。
7484820	7485820	W。
7485820	7486820	W。
7486820	7487820	W。
7487820	7488820	W。
7488820	7518820	えぇぇぇぇぇぇぇぇぇぇぇぇぇぇぇぇぇぇぇぇぇぇぇぇぇぇぇぇぇぇぇぇぇぇぇぇぇぇぇぇぇぇぇぇぇぇぇぇぇぇぇぇぇぇぇぇぇぇぇぇぇぇぇぇぇぇぇぇぇぇぇぇぇぇぇぇぇぇぇぇぇぇぇぇぇぇぇぇぇぇぇぇぇぇぇぇぇぇぇぇぇぇぇぇぇぇぇぇぇぇぇぇぇぇぇぇぇぇぇぇぇぇぇぇぇぇぇぇぇぇぇぇぇぇぇぇぇぇぇぇぇぇぇぇぇぇぇぇぇぇぇぇぇぇぇぇぇぇぇぇぇぇぇぇぇぇぇぇぇぇぇぇぇぇぇぇぇぇぇぇぇぇぇぇぇぇぇぇぇぇぇぇぇぇぇぇぇぇぇぇぇぇぇぇぇぇぇぇぇぇぇぇぇぇぇぇぇぇぇぇぇぇ
7518820	7520820	ツヤマと会ってくれるんだから忍法もオッケーだろ
7520820	7521320	チャンプ
7521320	7521820	チャンプ中
7521820	7523320	この時期に赤島くりはヤバイ
7523320	7523820	コロナ
7523820	7524320	コロッタ
7524320	7525320	リップ派手なマーク
7525320	7526320	30万のスーツ
7526320	7526820	おい
7526820	7527820	コロナ勝手だろ
7527820	7528320	オボッチャン
7528320	7530320	タジロミにすぐ撃ってタジロかったのにW
7530320	7531320	コロナおじさん
7531320	7532320	ダメな気がする
7532320	7532820	結束かよ
7532820	7534320	まさかその遊び目覚めでいかないよね
7534320	7535320	クラスター忍法
7535320	7536320	赤島から行くなよ
7536320	7536820	本当に
7536820	7537820	赤の頻度多いな
7537820	7538820	そこで歩いてたもんなは
7538820	7539820	ビジネスバック内の
7539820	7540820	新宿行けたね
7541320	7542320	初めての中は1ですかはて
7542320	7544320	女は母親にビルみたいな道具で遊ぶの気持ち悪いと言われた
7544320	7545320	何を知ってるんだ
7545320	7546320	まさかそのリップで
7546320	7547320	喋った時の逆で臭いを
7547320	7548820	早く就職しなさい
7548820	7549820	普通の目覚めないのかな
7549820	7551820	咳しながら企業権学ワールドワイドウエブ
7551820	7552820	タブー受付で来されると思う
7552820	7553820	まともな企業だったら
7553820	7555320	ランクルノルのと変わらんだろうかしろ
7555320	7556320	中国の古坊装
7556320	7557320	コロナバラサンクに一歩
7557320	7558320	カッケー
7558320	7559320	バックにもなるリップか
7559320	7560320	企業実習までいけるのか
7560320	7560820	これ
7560820	7561820	初い俺がなるぞ
7561820	7562820	水中メガネで通勤
7562820	7563820	リップがバックに
7563820	7564820	新宿で完成したのか
7564820	7565820	そこで暴れたり
7565820	7566820	叫んだりしないだけ
7566820	7567820	マシナブルイなんだろうな
7567820	7568820	顔持ち笑い
7568820	7569820	髪型とメガネなんとか
7569820	7570820	白いワールドワイドウエブ
7570820	7571820	見学だけ
7571820	7572820	妊婦が女は嘘つくて
7572820	7573820	言っとくね
7573820	7574820	勝負って笑みみたいなメガネ
7574820	7575820	まだ着替えてんのかい
7575820	7576820	ワールドワイドウエブ
7576820	7577820	さっさと動けろ
7577820	7578820	リップはさすがにどうなの
7578820	7579820	あのメガネのせいで
7579820	7580820	スーツが恨めないような
7580820	7581820	最近兵器妊婦
7581820	7582820	そのメガネはさすがに失礼
7582820	7584820	見た目は完全にサラリーマンの兄さん
7584820	7585820	背中帯よりなさすぎんだろ
7585820	7586820	女は良いスーター
7586820	7587820	エスチョコロフキログラムのうち
7587820	7588820	1キログラムを一気に食ってたな
7588820	7589820	メガネワールドワイドウエブ
7589820	7590820	女は母親は男遊びが
7590820	7591820	ひどくまだ動物の自分の方が
7591820	7592820	マシと発言
7592820	7593820	何してんのこいつ
7593820	7594820	スローモーションなのはなぜ
7594820	7595820	お酸レンタルの時間か
7595820	7596820	なんなんだこの監督は
7596820	7597820	女とバッチリ受けてくさ
7597820	7598820	席して本前払い
7598820	7600820	惑星のバイト伝説じゃないのに
7600820	7601820	普通の会社は席してたら入れない
7601820	7602820	こんなやつどこが野党んだよ
7602820	7603820	窓際から半ばね
7603820	7604820	今朝あたりのオトロトロ
7604820	7605820	見た目はな
7605820	7606820	3Dメガネで行きます
7606820	7607820	おじいちゃん
7607820	7608820	くさ
7608820	7609820	人法が女は嘘つくって言っとくね
7609820	7610820	黒のビジネスバック
7610820	7611820	シルバーの無駄なメガネ
7611820	7612820	皮口な
7612820	7613820	働く気ないよこの人
7613820	7614820	普通の風なんでっていいそう
7614820	7615820	ダブリュー
7615820	7616820	メガネ黒ならまだ望みやるんだけどな
7616820	7617820	ダブリュー
7617820	7618820	14時半に出ればいいんだろ
7618820	7619820	余裕やん
7619820	7620820	ヒットマン
7620820	7621820	ノロノロ
7621820	7622820	サラリーマン
7622820	7623820	さらに通するものがあるな
7623820	7624820	8万メガネよりバックだったんじゃ
7624820	7625820	原因メガネ
7625820	7626820	仕事的なそう
7626820	7627820	マジックしだしそう
7627820	7628820	薬でおかしくなりました
7628820	7629820	畳方は貴重麺
7629820	7630820	これがちなのか演技なのか分からない
7630820	7632820	子供児参考はなりたくない
7632820	7633820	遅いな
7633820	7634820	課長プラスだわこれ
7634820	7635820	ないかって人法は何なのか
7635820	7636820	人法が濃いくん
7636820	7637820	こいつとろすぎなの
7637820	7638820	調節ファッションデザイナーで
7638820	7639820	ギリ成立するメガネ
7639820	7640820	メガネはお花
7640820	7641820	ワールドアイドウエル
7641820	7642820	テンデーラナー
7642820	7643820	貴重麺だね
7643820	7644820	たち車いが大学生来い
7645820	7646820	この落ち着きたものではないな
7646820	7647820	準備を
7647820	7648820	今日は決まってるな
7648820	7649820	女儘がオンブル車を買ったのは
7649820	7650820	通称マカロンという
7650820	7651820	金持ち男に落ち送られてるのこと
7651820	7652820	働きないな
7652820	7653820	見学もイベント観客
7653820	7654820	稼ぎてちのよ
7654820	7655820	貴重麺だな
7655820	7656820	呪いな
7656820	7657820	離婚大臣しよう
7657820	7658820	こんなプロイート何も仕事できないね
7658820	7659820	聴いてるな
7659820	7660820	アスペのこだわり
7660820	7661820	アスペって時間の計算できないのか
7661820	7662820	メガネでおかしいのが強調される
7662820	7663820	サンディーメガネなんてつけてくないよ
7663820	7665820	ママがたたんだものをたたみ直す能力
7665820	7666820	な 41には見えない
7667820	7668820	おせい顔持ち笑い
7668820	7669820	金買いたよ
7669820	7670820	こだわるところがアスペ得いうの症状
7670820	7671820	精神薬怖い
7671820	7672820	そんなもん氷投げとけよ
7672820	7673820	おそ
7673820	7674820	通知には似合わない
7674820	7675820	落ち着かないの
7675820	7676820	これは瓶湾課長クラス
7676820	7677820	ゲッタースチヨ
7677820	7678820	アスペじゃん
7678820	7679820	これで41だからな
7679820	7680820	女儘はマカロンに肩思いで
7680820	7681820	いつも落ち送られてる
7681820	7682820	すごいこだわりは病気なの性格なの
7682820	7683820	こんなメガネかけてる奴なんて
7683820	7684820	寂しか満在しだけだろ
7684820	7685820	一応
7685820	7686820	イラつく奴だな
7686820	7687820	マイフェレスニー様
7687820	7688820	これは仕事できない
7688820	7689820	ライゴンなんだろうか
7689820	7690820	クリエイターは来い
7690820	7691820	ふとんくらい畳めよう
7691820	7692820	貴重面なら
7692820	7693820	青いメガネやめとけW
7693820	7694820	W
7694820	7695820	プロロ
7695820	7696820	人生かかってる
7696820	7697820	人の3倍時間がかかってるぞ
7697820	7698820	重薬の余裕
7698820	7699820	これじゃあどこ行ってもダメ
7699820	7700820	ニン様のこの白な動きは
7700820	7701820	体局権がルーチだからな
7701820	7702820	W
7702820	7703820	なんで今畳んでるの
7703820	7704820	動きをして
7704820	7705820	仕事遅いだろうな
7705820	7706820	秒速100万の男
7706820	7707820	警察両とか舐めてるけど
7707820	7708820	この天候じゃ無理なんだよね
7708820	7709820	これは行ける
7709820	7710820	綺麗にするところはいいね
7710820	7711820	飲みにマイフェースやな
7711820	7713820	ガチでスーツが暑い
7716820	7718820	スーツがガチで暑い
7722820	7724820	なんでこんな暑いの
7725820	7726820	いやこれ一応
7726820	7728820	オールシーズン用スーツ
7731820	7732820	やっぱさ
7732820	7734820	オールシーズンスーツより
7736820	7737820	秋冬用と春夏用に
7737820	7739820	着買った方が良かったかな
7742820	7743820	暑いんだけど
7750820	7751820	オールシーズン買ったのは
7751820	7752820	失敗だったから
7755820	7756820	今日は暑くないなんか
7763820	7764820	もう一週間ぐらい
7764820	7765820	掃除してない
7765820	7766820	めんどくさくて
7767820	7769820	今誇りすごい溜まってる
7772820	7774820	今誇りめちゃくちゃ溜まってる
7778820	7780820	1週間ぐらい掃除してない
7781820	7783820	それで咳が出たのかな
7787820	7789820	それで咳が出たのかなもしかして
7802820	7804820	もっとマジメなメガネにしとけ
7804820	7805820	熱あり
7805820	7806820	春もの買え
7806820	7807820	それくようだろ
7807820	7809820	あそうだ時計とかしないと
7809820	7810820	春夏用とけ
7830820	7831820	春夏用とけ
7840820	7842820	年説でスーツが熱いって言ってみて
7851820	7852820	アルバのとけ
7854820	7855820	いや確かに
7857820	7858820	親に買ってきてもらった
7858820	7859820	ホームセンター
7859820	7860820	いくらだったっけ
7860820	7862820	3000円ぐらいって言ってたかな
7865820	7866820	3000円ぐらい
7870820	7871820	熱だろ
7884820	7885820	ホームセンの
7892820	7893820	こうやってじゃん
7900820	7901820	寒いんだろうな
7901820	7902820	外出してみればいいのに
7902820	7903820	熱
7903820	7904820	春なんだな
7904820	7905820	本気でそのメガネでいくのか
7905820	7906820	用意いけよ
7907820	7908820	上に持って歩けばいいだろ
7908820	7909820	包丁なんて服洗ってないからな
7909820	7910820	お前は東派とのオールレーズんで
7910820	7911820	十分だ
7911820	7912820	もう余計なカネ使うな
7912820	7913820	途中で倒れそう
7913820	7914820	今日は寒いくらい
7914820	7915820	水着ていけ
7915820	7916820	目がただものじゃない
7916820	7917820	くすんかいよ
7917820	7918820	気なきゅう大丈夫なんだろうか
7918820	7919820	お前の対応37.3
7919820	7920820	全球A
7920820	7921820	外射機のクールのおかいを
7921820	7922820	我慢しろ
7922820	7923820	こだわりたけはある
7924820	7925820	もうマスクでどか抜いたね
7925820	7926820	対応はかれや
7926820	7927820	なんやこれ
7927820	7928820	そうなの
7928820	7929820	熱はってくさ
7929820	7930820	熱をはかりな
7930820	7931820	そこにこだわりはないのか
7931820	7932820	ワールドワイドを得る
7932820	7933820	経歴も誇りだらけ
7933820	7934820	期待迎え
7934820	7935820	席の方が問題だろ
7935820	7936820	その部屋は市中州が半端ない
7936820	7937820	じゃあ頑張ってね
7937820	7938820	暑さで倒れるとかやめてな
7938820	7939820	初期メガネやめてね
7939820	7940820	灰岩だよ
7940820	7941820	そのメガネでいくの
7941820	7942820	熱はかれよ
7942820	7943820	そういうことにしとけ
7943820	7944820	人様お車に気をつけてね
7944820	7945820	コロナだよ
7945820	7946820	気なきゅうとA地した
7946820	7947820	37セシル超えたよ
7947820	7948820	ハウス出すと
7948820	7949820	綺麗好き
7949820	7950820	前足かよ
7950820	7951820	いや声おかしいぞ
7951820	7952820	部屋のここには溜まってるけど
7952820	7953820	畳むのは丁寧にやるんだ
7953820	7954820	顔も赤い締め地だ
7954820	7955820	俺やろアシャツで
7955820	7956820	面接に行ったことあるけど
7956820	7957820	採用されたぞ
7957820	7958820	違う
7958820	7959820	声は変
7959820	7960820	オフカイだよ
7960820	7961820	こじつけ
7961820	7962820	そもそもスーツってかないと
7962820	7963820	行けないような場所なのか
7963820	7964820	普段にでいいんじゃないか
7964820	7965820	殺す気なり
7965820	7966820	市中顔持ち笑い
7966820	7967820	掃除愛心して
7967820	7968820	コロナだよ
7968820	7969820	567だから
7969820	7970820	いやこの頃
7970820	7971820	人ちゃんはここ
7971820	7972820	初期症状
7972820	7973820	熱用は別にかえ
7973820	7974820	先週コロナ施設に止まったのが
7974820	7976820	どの道行ったら体温計がれるだろ
7976820	7977820	メガネ嘘だろ
7977820	7978820	今の時期に適して
7978820	7979820	人と会う神経が問題
7979820	7980820	これから配信の時は
7980820	7981820	毎回スーツでやったらどうだね
7981820	7982820	ちなみにきょう暑くないぞ
7982820	7983820	聞いちゃいね
7983820	7984820	時計は偉いな
7984820	7985820	子ども時計
7985820	7986820	家が汚いから席が出る
7986820	7987820	だから病院行かない
7987820	7988820	どっち道行かねえだろ
7988820	7989820	メガネそれで行くの
7989820	7990820	人に感染しないように
7990820	7991820	アルコール吹くんでいけ
7991820	7992820	こいつメガネだけくざけてんだような
7992820	7993820	ワールドワイドを得る
7994820	7996820	靴は時間に縛られたくないんだ
7996820	7997820	きょうから復帰が
7997820	7998820	どこ行くんだ
7998820	7999820	忘れ物するなよ
7999820	8000820	いくいく詐欺
8000820	8001820	リズミンウォッチ
8001820	8002820	顔を持ち笑い
8002820	8003820	時計見せて
8003820	8004820	スーツよりメガネが問題
8004820	8005820	時計なんてスマホについてるやね
8005820	8006820	オトスは老人家
8006820	8007820	デビット人保
8007820	8008820	カッケー
8008820	8009820	後ろやぶけW
8009820	8010820	おっさんかよ
8010820	8011820	メガネもかえて
8011820	8012820	アルバアルバ
8012820	8013820	AW
8013820	8014820	メガネが笑う
8014820	8015820	アルバ
8015820	8016820	そのメガネどこで撃てんねん
8016820	8017820	オッコー
8017820	8018820	落ちる原因メガネかくれ
8018820	8019820	1000円の時計
8019820	8020820	お前そのメガネで
8020820	8021820	本気でいくのか
8021820	8022820	見学に来たやつにコロナばらまかれたら
8022820	8023820	溜まったもんじゃねーな
8023820	8024820	熱をはかれ
8024820	8025820	地中に置いとけ
8025820	8026820	ガチャガチャ
8026820	8027820	顔くすんできたね
8027820	8028820	構造
8028820	8029820	女の子からもらったの
8029820	8030820	500歳用だわ
8030820	8031820	お高いんですか
8031820	8032820	3000円
8032820	8033820	100ひとし
8033820	8034820	ドンキで買いました
8034820	8035820	ロレックスでいけ
8035820	8036820	普通に侵入社員にも見える
8036820	8037820	高いの
8037820	8038820	真心一歩
8038820	8039820	無駄かね
8039820	8040820	100ひとし
8040820	8041820	ホームセンターは時計
8041820	8042820	しかしやん
8042820	8043820	10活用にメガネかえて
8043820	8044820	いくらですか
8044820	8045820	おいくら
8045820	8046820	アルバ
8046820	8047820	ホームセンターで売ってるやつなW
8047820	8049820	純粋売用室で育った41歳
8049820	8050820	10活用ってどういう意味
8050820	8051820	匂いの
8051820	8052820	落ちるのメガネが原因なぞ
8052820	8053820	親に
8053820	8054820	顔持ち笑い
8054820	8055820	W
8055820	8056820	メガネ買えろよW
8056820	8057820	アイコンが最新なのにそれから
8057820	8058820	YAS
8058820	8059820	ままに買ってもらってたー
8059820	8060820	全部親に買ってもらうの
8060820	8061820	YAS
8061820	8062820	メガネ金色
8062820	8063820	これで
8063820	8064820	メガネ買えて
8064820	8065820	忘れもんないかな
8065820	8066820	3000円の時計に
8066820	8067820	ブランドもクソもあるのか
8067820	8068820	お前なんでもおやたのみだな
8068820	8069820	ホームセンターにあるんだ
8069820	8070820	そのお持ちみたいなメガネも何とかしたら
8071820	8072820	笑顔見せて
8072820	8073820	41歳にもなって
8073820	8074820	ロレックスでいけよ
8074820	8075820	ホームセンター
8075820	8076820	声と忘れもんないかな
8076820	8077820	テンション上げてけ
8077820	8078820	まじでそのメガネやめろって
8078820	8079820	色々間違ってるんだよな
8079820	8080820	YAS
8080820	8081820	お前パーティー分子で企業行くわけ
8081820	8082820	なんで親が買うんだよ
8082820	8083820	人様が見ると3000円に見えない
8083820	8085820	ホームセンターは大体1000円
8085820	8086820	親に買ってきてもらうもんなんだ
8086820	8087820	メガネそれか
8087820	8088820	メガネそれで行くの
8088820	8089820	ミスター子同時
8089820	8090820	お母さんと一緒ワールドワイドウェブ
8090820	8091820	就職決まったら
8091820	8092820	バハムード投げさせていただきます
8092820	8093820	これがゲーのネタだったのが
8093820	8094820	メガネ買いなさい
8094820	8095820	七原の次はお前か
8095820	8096820	準備できたのか
8096820	8097820	お前面接意区振りして
8097820	8098820	交通被溜め込んでるらしいな
8098820	8099820	アルバカッケ
8099820	8100820	ください
8100820	8101820	財布もったか
8101820	8102820	人様がかっこいい
8102820	8103820	パキオン関連の値段が出るリスナー
8103820	8104820	いないオタクサイト
8104820	8105820	通知にそのメガネくざけてんの
8105820	8106820	シルクハートを追っていけ
8106820	8107820	肩幅狭いな
8107820	8108820	時代はあるわ
8108820	8109820	バハムイーネ
8109820	8110820	君そのメガネくざけてるの
8110820	8111820	で終わりとワールドワイドウェブ
8111820	8112820	あっ
8115820	8116820	ジーショックしていこう人様
8117820	8118820	スーツカッケ
8118820	8119820	エッセビジネスマン
8119820	8120820	背中が寂しいんだよな
8120820	8121820	18年売れなかった元ゲーニンが
8121820	8122820	二個性で売れ出した
8122820	8123820	そのメガネだと遊び気分できてるのか
8123820	8124820	と思われるぞ
8124820	8125820	こう
8125820	8126820	そうなってんだ
8126820	8127820	猫でやべぇ
8127820	8128820	一応でこれ読んでないんじゃないか
8128820	8129820	声が見わってきろ
8129820	8130820	コロナ
8130820	8131820	さっきから何やってんのこいつ
8131820	8132820	果たして決まるのだろうか
8132820	8133820	飛び刻びしたら死にそう
8133820	8134820	その席しながら行くのマジでやめろ
8134820	8135820	普通こんな席でないぞ
8135820	8136820	ダメでしょ
8136820	8137820	その体調W
8137820	8138820	これは昔の良い関数
8138820	8139820	お顔が押す
8168820	8173820	もう忘れ物ない
8173820	8177820	スマホとスイカ持ったし
8177820	8178820	そうだ
8178820	8179820	顔持ち笑い
8179820	8181820	その数つで次回配信お願いします
8181820	8182820	これを屋の花読め関数
8182820	8183820	エッエッ
8183820	8184820	金持ちの息子
8184820	8185820	出した
8185820	8186820	決まった
8186820	8187820	ファールドワイドウエル
8187820	8188820	中学生
8188820	8189820	5割
8189820	8190820	フリックがバックに
8190820	8191820	学生
8191820	8192820	活用時計って何
8192820	8193820	元々この男の部屋じゃないんかな
8193820	8194820	完成
8194820	8195820	W
8195820	8196820	セット
8196820	8197820	出した
8198820	8199820	何か違う気が
8199820	8200820	メガネそれかよ
8200820	8201820	常世級ってそう
8201820	8202820	その数つで次回配信お願いします
8202820	8203820	2号はね
8203820	8204820	スローですね
8204820	8205820	今度
8205820	8206820	バックが高校生ワールドワイドウエル
8206820	8207820	出せ顔持ち笑い
8207820	8208820	片掛けワールドワイドウエル
8208820	8209820	行くでしかし
8209820	8210820	顔持ち笑い
8210820	8211820	お
8211820	8212820	何その量
8212820	8213820	メガネを何度かして
8213820	8214820	ワールドワイドウエル
8214820	8215820	助けすんないよW
8215820	8216820	中金に行くのかな
8216820	8217820	一周回ってしゃれてんな
8217820	8218820	かっけ
8218820	8219820	いざ
8219820	8220820	出せ
8220820	8221820	だこ同時
8221820	8222820	黒にしよう
8222820	8223820	集団就職
8223820	8224820	学生生活楽しい
8224820	8225820	誰が見ても無職
8225820	8226820	一人がコミュニティーを
8226820	8227820	フォローしました
8227820	8228820	地面が甘い
8228820	8229820	人物に入ろう
8229820	8230820	人工化を持ち笑い
8230820	8231820	どこ行くんだよW
8231820	8232820	うわぁ
8232820	8233820	嫌だわ
8233820	8234820	こんなやつ圏額に来たら
8234820	8235820	バックの色があってない
8235820	8236820	行くまでだけだ
8236820	8237820	うん
8237820	8238820	人工さん黙ってれば
8238820	8239820	課長島工作みたいな
8239820	8240820	できる男感かもし出してますよね
8240820	8241820	これは
8241820	8242820	臭いを集でてんぞ
8242820	8243820	メガネが浮いてる
8243820	8244820	出した顔持ち笑い
8244820	8245820	かっけ
8245820	8246820	金橋先生
8246820	8247820	臭いを
8247820	8248820	怪しすぎる
8248820	8249820	中学生みたい
8249820	8250820	どこなか果てなマーク
8250820	8251820	何回も変な予想のカバン
8252820	8253820	タムロタケ
8253820	8254820	80年代バック
8254820	8255820	謎にしっくり
8255820	8256820	新卒
8256820	8257820	メガネをピンクにしろ
8257820	8258820	バリバリ帯でも忘れないよ
8258820	8259820	どうせ行くサンデスから
8259820	8260820	はず
8260820	8261820	忘れ物するなよ
8261820	8262820	こんな中学生いる
8262820	8263820	かわいい
8263820	8264820	間違いを過ぎてくさ
8264820	8265820	W
8265820	8266820	高校生
8266820	8267820	中級人
8267820	8268820	なんでそれや年間を持ち笑い
8268820	8269820	中学かな
8269820	8270820	バックは支援担当的にオケーなの
8270820	8271820	こんなやつ採用されるわけがないW
8271820	8272820	後ろ向いて
8272820	8273820	うわぁ
8273820	8274820	753
8274820	8275820	15
8275820	8276820	100%いかない
8276820	8277820	やべぇな
8277820	8278820	中学生
8278820	8279820	8万円のメガネだからいいと思ってる
8279820	8280820	W
8280820	8281820	きこなし
8281820	8282820	顔持ち笑い
8282820	8283820	カバンやべぇなの
8283820	8284820	部活域層
8284820	8285820	中学生レクサ
8285820	8286820	なんやそれ
8286820	8287820	中学かな
8287820	8288820	卒業式やないかい
8288820	8289820	かわいい
8289820	8290820	なでかた
8290820	8291820	運動部がそんなバック使ってたわ
8291820	8292820	やべぇW
8292820	8293820	遺甲の時間になりました
8293820	8294820	まだ教室に残ってる生徒は
8294820	8295820	急いで帰ってください
8295820	8296820	すげぇぬまっこい
8296820	8297820	中学生
8297820	8298820	ゲージェ
8298820	8299820	よれてるぞ
8299820	8300820	スーツが言うなむ
8300820	8301820	かなち先生にいそう
8301820	8302820	勝手上げされそう
8302820	8303820	全身見てほしいんだ
8303820	8304820	人様は中学生
8304820	8305820	イケメン
8305820	8306820	メガネとバックチェンジ
8306820	8307820	全部設定
8308820	8309820	か
8309820	8310820	41歳で大学生の自発スタイル
8310820	8311820	カバンおかし
8311820	8312820	年双王という感じで
8312820	8313820	印象よくないよね
8313820	8314820	部活域層
8314820	8315820	卓球部
8315820	8316820	満州に行くのか
8316820	8317820	いいね
8317820	8318820	これはみんな振り返りますわ
8318820	8319820	スーツにクロスだけの
8319820	8320820	メッセンジャーバックはダメだろ
8320820	8321820	メガネがたわ
8321820	8322820	舞球ケーラーを複数音符
8322820	8323820	違和感しかないけど頑張れ
8323820	8324820	まぁとりあえず
8324820	8325820	いかにもDTに取るって感じですね
8325820	8326820	2時半にしょっぱつるわ
8326820	8327820	2時半にしょっぱつるわ
8329820	8330820	2時半にしょっぱつる
8330820	8331820	18歳ワールドワイドウエル
8331820	8332820	親父されそう
8338820	8339820	3
8339820	8341820	3時半待ち合わせだから
8341820	8342820	2時半にしょっぱつ
8344820	8345820	ちょうど1時間か
8348820	8349820	まぁ家出てから
8349820	8351820	向こう着くまで1時間
8354820	8355820	結構遠いわ
8368820	8369820	あつい
8370820	8371820	まじあつい
8373820	8374820	緊張してるよ
8379820	8380820	まじであついわ
8382820	8383820	もう4月でしょ
8383820	8384820	4月
8385820	8386820	4月8日でさ
8388820	8389820	なんでさ
8390820	8391820	スーツなんて
8391820	8392820	気になきゃいけないんだろうね
8393820	8394820	もう4月でしょ
8394820	8395820	4月
8395820	8396820	スーツなんて
8396820	8397820	気になきゃいけないんだろうね
8399820	8400820	日本にさ
8400820	8401820	スーツと合わないよね
8401820	8402820	絶対
8405820	8406820	日本に
8407820	8408820	スーツとか合わないよね
8410820	8412820	高温多湿の日本には
8414820	8415820	普通にさ
8415820	8416820	沖縄みたいにさ
8416820	8417820	狩牛ウエアだっけ
8419820	8420820	あんな感じでさ
8421820	8422820	許してくれないかな
8426820	8427820	就職活動とか
8427820	8428820	サラリーマンとかはさ
8431820	8432820	許してくれないかな
8442820	8443820	収活でメイルのは
8443820	8444820	やっぱスーツが
8445820	8446820	スーツっていうのも
8446820	8447820	大きな一員だよね
8449820	8450820	スーツっていうのが
8450820	8451820	もう大きな一員だと思う
8456820	8457820	このスーツは
8457820	8458820	どこで買ったんだっけな
8460820	8461820	どこだっけな
8463820	8464820	たぶん
8465820	8466820	2万か3万ぐらいで
8470820	8471820	靴下黒だよ
8473820	8474820	いや
8474820	8475820	えっとね
8475820	8476820	たしか
8476820	8477820	E4かどっかで買った
8482820	8483820	このスーツは
8483820	8484820	どっかで買った
8486820	8488820	たしかE4かどっかで買った
8489820	8490820	2万か3万だったと思う
8504820	8505820	いやサイズ合ってないのは
8505820	8506820	これ買ったときさ
8507820	8508820	70キロ超えてた
8509820	8510820	でも今
8510820	8511820	60キロ切ってるんで
8511820	8512820	10キロ以上痩せたんだよ
8514820	8515820	だからサイズが合ってないの
8519820	8521820	72キロぐらいのときに
8521820	8523820	このスーツ買ったから
8525820	8526820	10キロ以上
8526820	8527820	落ちたから
8528820	8529820	合ってないんだよね
8529820	8530820	サイズが
8532820	8533820	身長167
8544820	8545820	こんなさ
8545820	8546820	急激にさ
8546820	8547820	痩せるってさ
8548820	8549820	どっか悪いのかな
8552820	8553820	どっか悪いのかな
8573820	8574820	このメガネは安いよ
8582820	8583820	このメガネは
8583820	8584820	安い
8589820	8591820	えっと6000円ぐらいか
8592820	8593820	ジンズで買ったから
8594820	8595820	通過さ
8595820	8596820	収穫用メガネで
8596820	8597820	そんな金かけない
8600820	8601820	普通にかける用メガネには
8601820	8602820	金かけるけど
8603820	8604820	これはエリート
8617820	8618820	収穫用のメガネなんて
8618820	8619820	なんでもいいんだよ
8634820	8635820	あー緊張してる
8639820	8640820	だってさ
8640820	8642820	県学行ったら
8642820	8643820	質問しなきゃいけないんだよ
8646820	8647820	普通に質問しなきゃいけないんだよ
8649820	8651820	質問事故を考えたけど
8651820	8652820	まだ頭に入ってないわ
8654820	8655820	全部頭に入って
8655820	8656820	行くとき
8658820	8659820	行くときちょっと
8659820	8660820	確認して
8664820	8665820	確認して頭に入れるわ
8672820	8673820	いや質問ないですって言ったらさ
8674820	8675820	こいつやる気ないなと思われちゃう
8680820	8681820	質問ないですとか言ったら
8682820	8683820	ダメでしょ
8694820	8696820	あ
8707820	8708820	いやコロナじゃないよ
8718820	8719820	コロナじゃないです
8724820	8725820	お前は何込めてるんだよ
8731820	8732820	あと30分くらいで
8735820	8736820	あと30分くらいで
8736820	8737820	放送終わって
8740820	8742820	30分くらいで放送終わって
8747820	8748820	んで準備するか
8751820	8752820	ノードがやばい
8754820	8755820	出発する前に
8755820	8756820	終了支援の人に
8758820	8759820	今から出発しますって
8761820	8763820	スカイプチャット送らなきゃいけないんだ
8765820	8766820	やっぱり
8766820	8767820	出発する前に
8767820	8768820	終了支援の人に
8769820	8770820	今から出発しますって
8772820	8774820	スカイプチャット送らなきゃいけないんだ
8784820	8786820	スカイプチャット送らなきゃいけない
8787820	8789820	スカイプチャット送らなきゃいけない
8792820	8793820	館長、167.1センチ
8798820	8799820	館長、167.1センチ
8799820	8800820	館長、167.1センチ
8801820	8802820	その椅子
8802820	8803820	0.1センチってのが大事なんで
8804820	8805820	167だと
8805820	8806820	知人じゃう可能性があるでしょ
8806820	8811820	あるでしょ
8811820	8815820	166.9とかになっちゃったら嫌でしょ
8829820	8831820	図ったのは
8832820	8834820	12月ぐらいかな
8840820	8841820	でもさ
8843820	8845820	俺ショックだったんだよね
8845820	8846820	高校生の頃
8846820	8848820	170いかなくて
8851820	8853820	高校生で
8854820	8857820	高校1年で161センチだったの
8857820	8860820	高校2年で164センチ
8861820	8863820	高校3年で167センチ
8864820	8866820	そこで止まっちゃった
8868820	8871820	170はいきたいなと思ってた
8873820	8875820	覚えてるよ
8880820	8881820	100
8882820	8886820	最終的に175ぐらいいくつもりだったんだけど
8886820	8889820	167で止まっちゃった
8890820	8892820	だからすごい悲しかった
8896820	8898820	高校では部活入ってないよ
8899820	8902820	中学ではバドミントンブ入ってたけど
8914820	8916820	弟はね
8916820	8919820	176ぐらいあるって聞いたな
8921820	8924820	弟は結構ででかいんだよ
8938820	8939820	というかね
8939820	8942820	親父がちょうど170ぐらいだから
8942820	8944820	俺親父よりちっちゃいんだよ
8945820	8948820	親父よりちっちゃいってのが
8948820	8950820	すごい嫌なんだけど
8965820	8967820	親父169って言ってたか
8967820	8968820	忘れた
8968820	8970820	170か169
8975820	8977820	そんなまま目が目立ったんだ
8985820	8988820	ビッグにとってさ180センチあるの
8990820	8993820	ビッグにとって本当に180以上あるの
8995820	8996820	ないの
9001820	9003820	187
9005820	9007820	どこまでいくの
9007820	9009820	今の時期よくやってくれるな
9009820	9010820	なんかビッグニートがよく
9010820	9012820	187あるとか聞こんだけど
9013820	9014820	おそ
9031820	9033820	うっせー高いといいよね
9042820	9044820	おそいと高いといいよね
9055820	9056820	今日さ
9056820	9058820	今日県学行って
9060820	9062820	今日県学行って
9063820	9065820	体験させてください
9065820	9068820	体験実習させてくださいっていて
9068820	9070820	いやーちょっとあなた
9070820	9079820	ちょっとあなたは、このうちの会社には、うちの会社が求める人物像じゃないんだよって言って言わられたらすごいショックなんだけど
9081820	9083820	すごいショックなんだけど
9087820	9090820	そういう言わり文句で言わられたことあるからね
9092820	9095820	弊社の求める人物像に合わないって
9096820	9098820	それってかなりショックじゃな
9101820	9106820	弊社の求める人物像に合わないので、残念ながら
9107820	9108820	みたいな
9125820	9140820	やとにかく、職場体験したい
9141820	9144820	やと割れるやと割れないにせよ
9146820	9148820	職場体験ぐらいしてみた
9149820	9153820	仕事ってこんな感じなんだってさ、わかるじゃん
9155820	9158820	弊社に帰ってそうだな、許しません
9158820	9159820	スーツはそのうち消えるよ
9161820	9162820	これから摂称ですか?
9163820	9164820	弊社
9165820	9166820	スーツ来て仕事したことないだろうな
9166820	9168820	人工を終わった人生を終わったらダンスしてくれ
9168820	9169820	行ってみなよ
9172820	9173820	俺本当はね
9175820	9177820	事務の仕事がしたいけど
9178820	9181820	今日行くところは警察業系なんだけど
9182820	9185820	警察業系でもいいかなと思って
9190820	9191820	警察業系でもいいかな
9207820	9208820	あれ、今日は雨降るの?
9209820	9210820	傘持ってた方がいいかな
9214820	9215820	今日これから雨降るの?
9227820	9228820	雨降るの、今日
9232820	9233820	雨降るのは夜か
9238820	9239820	スーツはクソだよな
9263820	9265820	降りたためは持ってるけど
9269820	9270820	弊社会見
9270820	9271820	人工がんばれよ
9271820	9272820	寝るのは浮からないことじゃないのか
9272820	9273820	結んできたの
9273820	9274820	青木
9274820	9275820	青山
9275820	9276820	青山か
9276820	9277820	ヤスワールドワイドウェブ
9277820	9278820	人工は天下を勝ち取るからな
9278820	9279820	見とけよ
9279820	9281820	なんかね、表情が変わらないんだな
9283820	9285820	楽しければ笑うけど
9285820	9288820	基本的にあんま表情が変わらない
9291820	9292820	そうにさ
9293820	9295820	喉の調子が悪いし
9299820	9300820	そう、声が
9300820	9301820	声が
9302820	9303820	ガラガラになってる今
9307820	9308820	声がガラガラになってるか
9329820	9330820	今日も厳しいかな
9330820	9332820	もっとアイスを良くしないとさ
9332820	9333820	ダメかな
9336820	9337820	でもできないんだよね
9337820	9338820	そういう態度が
9340820	9342820	アイスワーライとかさ
9342820	9344820	おべっか使うとかできないんだよね
9351820	9352820	表情も
9353820	9354820	その障害の特徴を
9355820	9356820	表情も
9356820	9358820	その障害の特徴を
9377820	9378820	部合人
9378820	9379820	そうだよね
9384820	9387820	人工を終わった人生終わったダンスしてくれ
9415820	9417820	薬混ぜて飲むとデブから中肉まで痩せれるでしょう
9421820	9422820	おばさん
9430820	9431820	こういう時
9432820	9434820	どんな顔していいかわからない
9436820	9437820	笑えばいいと思うよ
9444820	9445820	みんなどっか悪いよ
9445820	9446820	最終面接頑張ってください
9446820	9447820	絶対病気など
9447820	9448820	北村弁護士
9448820	9449820	正確もね
9449820	9450820	同僚ですね
9450820	9451820	いろいろ悪いですね
9451820	9452820	一足業務者
9452820	9453820	一足辞めろやW
9454820	9455820	でもさ、あのシーンってさ
9457820	9459820	テレビ版は
9460820	9463820	のあやなみの笑顔はあんまかわいくなかったよね
9464820	9465820	マンガ版の
9465820	9467820	笑顔はかわいかった
9469820	9470820	なんかほんのり笑って
9474820	9476820	あのシーンのテレビ版より
9477820	9478820	マンガ版のほうがよかったよね
9488820	9490820	テレビ版のはちょっとね
9490820	9492820	不自然なんだよね
9493820	9495820	いくら笑えばいいって言われても
9495820	9498820	あんな不自然な感じで笑わないだろうって
9499820	9501820	マンガ版はちゃんと自然な笑顔なんで
9505820	9507820	マンガ版は後付けだけど
9515820	9517820	複製でた時点で
9517820	9519820	体積させられる
9535820	9537820	あと15分で終わろう
9549820	9551820	しかしなんでさ
9551820	9552820	職場見学がさ
9552820	9553820	4時なんだろう
9553820	9555820	もっと早くしてほしいよ
9556820	9558820	12時とか
9559820	9561820	その口をで喋るのか
9563820	9565820	帰るのが遅くなっちゃうじゃん
9583820	9585820	今からみんなで考えよう
9589820	9591820	明日マジでないか行く
9593820	9595820	明日マジでないか行く
9600820	9602820	ががちでないか行く
9605820	9607820	タインを朝測ったら
9607820	9609820	36度6分だった
9614820	9616820	なんかね予定がある時に
9616820	9618820	その前にあんまり予定入れたくないんだよ
9621820	9622820	間に合わなかったらさ
9622820	9624820	どうしようとか思っちゃうんだよね
9627820	9629820	お客さんと感じがしてない
9629820	9631820	職場見学っていうのは
9631820	9633820	見学という名の
9633820	9636820	自分をアピールする場所だってことはね
9636820	9638820	ちゃんと心得てますから
9640820	9642820	それくらい僕もねわかってます
9642820	9645820	自分をどれだけアピールできて
9647820	9649820	企業にとって
9652820	9654820	どれだけ役に立つかっていう
9654820	9656820	ところを示すっていう
9656820	9659820	そういうアピールする場所だから
9662820	9664820	だからちゃんと疑問点があったら
9664820	9666820	ちゃんとすぐ質問したりして
9667820	9669820	ぐいぐい行かなきゃね
9672820	9674820	ぐいぐい行かなきゃ
9676820	9678820	ころってるだろそれ
9683820	9685820	見学させていただく
9687820	9689820	お互い
9689820	9692820	お互いどんな人物か
9696820	9698820	審査する場所だと思ってる
9699820	9701820	見学とか面接とか
9702820	9705820	もちろん僕も審査される立場で
9705820	9708820	でも僕も審査する立場でもある
9711820	9715820	いくらやとってもらう立場だからって
9717820	9719820	ひくつになって
9720820	9723820	どうか私もやとってくださいとかね
9723820	9724820	そういうね
9724820	9726820	ヘリクだった態度だと
9727820	9729820	こいつは使えないなと思われて
9729820	9731820	使えないなと思われて
9735820	9737820	変えて
9737820	9739820	逆効果だから
9741820	9743820	あくまで対等なんだよね
9745820	9747820	企業と給食者って言う
9754820	9756820	そう思わないとさ辛いじゃん
9757820	9759820	そう思わないと
9763820	9765820	不細用通知が来たら
9765820	9770820	自分の全人格が否定されたような気分になっちゃうじゃん
9773820	9775820	だから僕はあくまで
9776820	9778820	対等だと思って
9779820	9781820	望んでる
9782820	9784820	だってさ
9785820	9788820	就職活動で何者も落とされて
9788820	9790820	うつになって
9791820	9793820	自殺しちゃう人もいるんだよ
9799820	9801820	自殺しちゃう人もいるんだよ
9812820	9815820	普通に就職活動のストレスで
9815820	9817820	自殺しちゃう人もいるんだから
9817820	9820820	それくらい大変なことなんで
9820820	9822820	だから僕は
9822820	9825820	自分の心を守るために
9825820	9829820	あくまで企業と給食者である自分は
9829820	9832820	対等の立場だって思い寄りしてる
9841820	9843820	170以下の人ってミリタインでこだわるよね
9843820	9844820	謎のびへ
9844820	9845820	面積感にコロナを打ちしに行くんだね
9845820	9846820	いつ測ったやつ
9846820	9848820	167とビッグニートと同じかな
9848820	9849820	ローカで2センチは地震だろ
9849820	9851820	171っていう人は大抵168
9851820	9852820	謎のこだわり
9852820	9854820	178の俺にあと2センチくれ
9854820	9856820	北朝鮮から立つかおめでとうあたりのクシラマ
9856820	9857820	そこで組まらなく
9857820	9860820	確かに今朝コロナ禍の不供で
9860820	9862820	企業の方が
9863820	9866820	人材を雇ってやるっていう立場なの
9866820	9868820	立場なのはわかるよ
9872820	9875820	今はそういう時代だってのは
9875820	9876820	わかってる
9879820	9881820	でもそういうのって変わるからね
9881820	9884820	書いて市場だったのが売り手市場になったり
9902820	9903820	よく覚えてるな
9903820	9904820	そんなの覚えてるの
9910820	9913820	俺ね仕事はすごい真面目にあるよ
9913820	9916820	入ったからには本当真面目にある
9916820	9919820	地獄もしないしサボリューもしないし
9919820	9921820	休まないし
9925820	9927820	本当真面目にやると思う
9927820	9929820	雇われたら
9932820	9934820	真面目でしょ
9936820	9938820	真面目すぎる
9938820	9940820	逆に真面目すぎるのが
9941820	9944820	欠点っていうぐらい真面目かな
9944820	9947820	でも専用の中って真面目なやつが
9947820	9949820	損する
9953820	9956820	真面目に真面目なやつが損するんで
9962820	9964820	バトミントンやってたのか
9970820	9973820	容量の良いやつが得するんだよ
9974820	9976820	上司とかに
9977820	9979820	おべっか使って
9980820	9982820	仕事はできなくても
9982820	9984820	おべっか使って
9984820	9987820	疲れてそういう人たらしみたいな
9987820	9989820	やつが評価されるんで
9989820	9991820	それで真面目にコツコツ
9992820	9994820	もくもくと仕事してる人は
9994820	9996820	あんまり評価されないんだよ
10016820	10018820	結局
10020820	10022820	赤が腹の戦いで
10023820	10025820	その特外イエスが
10027820	10029820	石田三つなりに勝ったのは
10029820	10031820	人たらしだったからね
10031820	10033820	人望が扱ったんで
10045820	10047820	石田三つなりは
10048820	10050820	真面目なんだよね
10050820	10052820	だけど
10056820	10058820	人に疲れなかった
10058820	10060820	だから
10060820	10062820	なんか裏切られたんだよね
10063820	10065820	誰だって裏切ったやつ
10065820	10067820	お弟に営業がいったな
10067820	10068820	顔持ちも
10068820	10070820	癒しなってもらってるんだからもんく言うなよ
10070820	10071820	おやじ
10071820	10072820	人工187
10073820	10075820	おやじを超える心が今でも癒しなってもらってる
10075820	10077820	おやじよりちっちゃいのは珍しい w
10077820	10079820	あそこばやか
10079820	10081820	小ばやかが
10081820	10083820	裏切ってイエスについて
10083820	10085820	それで三つなり側が負けて
10092820	10094820	対して詳しくない
10094820	10096820	単体がドラマぐらいですか
10096820	10098820	見てないからね
10100820	10102820	単体がドラマぐらいですか
10102820	10104820	見てないから
10104820	10106820	石が腹の戦いとか
10125820	10127820	俺正確が真面目なんだよね
10132820	10134820	AV2000本も見てないです
10136820	10138820	多分人生で見たAVなんて
10138820	10140820	3、4本じゃない
10142820	10144820	中学とか高校でさ
10144820	10146820	買ってみた
10147820	10149820	3本か
10149820	10150820	2、3本か
10150820	10152820	3、4本か
10155820	10157820	いやだって18歳未満だとさ
10157820	10159820	借りられないじゃん
10159820	10161820	だから
10161820	10163820	買わなきゃいけないんだよ
10167820	10169820	ちゃんと18歳以上の振りをして
10172820	10174820	レンタルだとさ
10174820	10176820	年齢会員登録しなきゃいけないじゃん
10176820	10178820	年齢書くじゃん
10185820	10187820	そうやってビデオの
10187820	10189820	販売しているところに行って
10189820	10191820	アダルトショップに行って
10192820	10194820	よし、俺は
10194820	10196820	今から18歳だ
10196820	10198820	18歳だと思って
10198820	10200820	店に入って
10204820	10206820	そう、VHS自体で
10214820	10216820	聖神してからは見たことないってことになるな
10216820	10217820	パソコンで見てるやろ
10217820	10218820	18年間謝聖してない
10218820	10220820	真面目なら特に就職してますね
10220820	10222820	R18してくるの
10222820	10224820	マスク忘れないよ
10224820	10225820	通話客は見てるよ
10225820	10226820	ワールドワイドをやる
10226820	10227820	消極だものが
10227820	10229820	もうすぐ行かなきゃ
10229820	10230820	ネットのない時代か
10230820	10231820	フリをしてきたのか誰に
10231820	10232820	単純の中を見せろ
10232820	10233820	青い3代で偉大裏に来た小林川は
10233820	10235820	友達には
10235820	10237820	エロマンガとか借りてた
10238820	10240820	中学の頃
10246820	10248820	エロマンガ借りてた
10264820	10266820	中職をおめでとうやったぜ
10266820	10267820	そのビデオ見してよ
10267820	10268820	真面目じゃないじゃん
10268820	10269820	VHS自体
10269820	10270820	動画に専門
10270820	10271820	真顔銀銀で
10271820	10272820	どこが真面目なんですか
10272820	10273820	何だろう
10273820	10275820	何て本か忘れたけど
10275820	10278820	何か劇画長のやつ
10278820	10280820	イージマアイガ現役の時代
10280820	10281820	もうすぐ行かなきゃ
10281820	10282820	若い時からエロに支配されていたの
10282820	10283820	あっ
10283820	10284820	エロマンガ顔持ちがない
10284820	10285820	最初は言ったから
10285820	10286820	エロマンガ
10286820	10287820	さあ全然頑張って来い
10287820	10288820	お前最初言ったままに
10288820	10289820	今までになったんだろ
10289820	10290820	ワールドワイドオイブ
10290820	10292820	そこまでは勢力あったんだ
10293820	10294820	エロマンガ先生
10294820	10295820	友達いたのね
10301820	10303820	いやコロナじゃないよ
10312820	10314820	まあマスクしないとね
10322820	10323820	時間が大丈夫なの
10323820	10325820	朝日と社長島交削ちゃう
10325820	10326820	花生き
10326820	10327820	おさなかを残して専門なの
10327820	10328820	ほとんど変わってないんだな
10328820	10329820	やるっけないと
10329820	10330820	デッカショウダブル
10330820	10331820	全家監督世代の人だ
10331820	10332820	ナイスですね
10332820	10333820	コプトのコブシ
10333820	10334820	行き知ってやつ
10334820	10335820	あっ
10335820	10336820	あっ
10336820	10337820	まさかの老齢士でくさ
10337820	10338820	あっ
10338820	10339820	こいつのスーツ姿はのかをもじまない
10339820	10340820	あっ
10340820	10341820	マジでやばいな
10341820	10342820	なんかコロナじゃないって
10342820	10344820	ちゃんと明日美容院に行って
10344820	10345820	証明してくるから
10347820	10350820	ただ席が出るだけだって
10351820	10354820	明日ないかいって証明してくるか
10354820	10355820	それで土曜日は
10355820	10357820	ハイパーマホちゃんに会えるか
10362820	10363820	コロナだったら
10363820	10364820	いやコロナだったら
10364820	10365820	なんか大変なことになる
10369820	10371820	就労支援先の人も困るし
10374820	10376820	俺と最近あったさ
10376820	10378820	お深いとかで
10378820	10381820	お深いとかコラボ配信であった人
10381820	10382820	とかにも
10384820	10386820	なんか調査がいくでしょ
10390820	10391820	まあマリナとか
10391820	10392820	カセちゃんとか
10392820	10393820	クーンさんとか
10404820	10405820	いや別に
10409820	10410820	別に
10410820	10412820	僕は発生源とは
10412820	10414820	発生源ではないでしょ
10419820	10420820	コロナになったら
10420820	10422820	どっか隠されんの
10423820	10424820	隠されんの
10425820	10426820	ホテルとかに
10427820	10428820	それとも自宅
10428820	10431820	自宅禁止みたいな感じになる
10432820	10433820	予防はしてるよ
10433820	10435820	マスクつけてたしだ
10439820	10440820	コロナだったら
10440820	10441820	どうしよう
10442820	10443820	怖いよね
10445820	10446820	差別されるじゃん
10457820	10458820	予防はしてるよ
10458820	10460820	マスクつけてたしだ
10462820	10463820	マホちゃんもいいけど
10463820	10465820	ホテルさんコラボは用してくれよ
10470820	10471820	ホテルに関係
10472820	10474820	その時のホテル代はさ
10475820	10477820	国が払ってくれんの
10480820	10482820	ホテル代は国が払ってくれんの
10491820	10492820	確かにネタ的には
10494820	10495820	じゃあそろそろ行くんで
10495820	10496820	終わります
10497820	10498820	今日はね
10502820	10503820	今日はたぶん
10503820	10505820	帰ってくるの遅いと思うから
10505820	10507820	放送はできないと思う
10507820	10508820	明日は病院行くから
10508820	10509820	じゃあね
10510820	10512820	もう次放送するとしたら
10515820	10516820	なんだ
10516820	10518820	ハイパーマホちゃんと
10518820	10519820	コラボできたら
10519820	10521820	そのコラボ配信
10521820	10522820	なるのかな
10522820	10523820	わかんないけど
10526820	10527820	じゃあね
10527820	10528820	またね
